rank,id,player,team,pos,gp,third_pass_yds,third_pass_td,third_pass_int,third_rush_yds,third_rush_td,third_rec,third_rec_yds,third_rec_td,third_def_sck,third_def_int,third_fum_forced,third_fum_recovered,third_fpts_ppr_per_gp,third_fpts_ppr
1,23235,Jayden Daniels,WAS,QB,17,862,10,2,234,2,0,0,0,0,0,0,0,6.2,105.9
2,21693,Joe Burrow,CIN,QB,17,1126,13,2,127,1,0,0,0,0,0,0,0,6.2,105.7
3,19781,Lamar Jackson,BAL,QB,17,977,11,0,196,0,0,0,0,0,0,0,0,6.0,102.7
4,22587,Amon-Ra St. Brown,DET,WR,17,0,0,0,0,0,31,412,5,0,0,0,0,6.0,102.2
5,19790,Baker Mayfield,TB,QB,17,1171,12,6,190,0,0,0,0,0,0,0,0,5.9,99.8
6,18890,Patrick Mahomes,KC,QB,16,1066,11,1,133,0,1,2,0,0,0,0,0,6.2,99.1
7,25069,Bo Nix,DEN,QB,17,1168,9,5,131,2,0,0,0,0,0,0,0,5.8,97.8
8,19801,Josh Allen,BUF,QB,17,950,10,2,130,1,0,0,0,0,0,0,0,5.5,93.0
9,19800,Courtland Sutton,DEN,WR,17,0,0,0,0,0,31,452,3,0,0,0,0,5.4,92.2
10,17922,Jared Goff,DET,QB,17,1035,12,0,22,0,0,0,0,0,0,0,0,5.4,91.6
11,20873,Terry McLaurin,WAS,WR,17,0,0,0,0,0,21,353,5,0,0,0,0,5.1,86.3
12,21685,Justin Jefferson,MIN,WR,17,22,0,0,0,0,20,348,5,0,0,0,0,5.0,85.7
13,24953,Malik Nabers,NYG,WR,15,0,0,0,0,0,24,342,4,0,0,0,0,5.5,82.2
14,19063,George Kittle,SF,TE,15,0,0,0,0,0,22,253,5,0,0,0,0,5.2,77.3
15,19812,Sam Darnold,MIN,QB,17,1016,9,3,66,0,0,0,0,0,0,0,0,4.5,77.2
16,23170,Wan'Dale Robinson,NYG,WR,17,0,0,0,0,0,34,304,2,0,0,0,0,4.5,76.4
17,21831,Jalen Hurts,PHI,QB,15,778,5,3,222,2,0,0,0,0,0,0,0,5.0,75.3
18,20889,Kyler Murray,ARI,QB,17,741,5,2,171,2,0,0,0,0,0,0,0,4.4,74.7
19,21756,Nico Collins,HOU,WR,12,0,0,0,0,0,21,297,4,0,0,0,0,6.2,74.7
20,24933,Brian Thomas Jr.,JAX,WR,17,0,0,0,0,0,16,285,5,0,0,0,0,4.4,74.5
21,23241,Brock Purdy,SF,QB,15,886,8,2,80,1,0,0,0,0,0,0,0,4.9,73.4
22,21690,Tee Higgins,CIN,WR,12,0,0,0,0,0,20,312,4,0,0,0,0,6.1,73.2
23,23234,Jameson Williams,DET,WR,15,0,0,0,3,1,14,280,4,0,0,0,0,4.8,72.3
24,24226,Quentin Johnston,LAC,WR,15,0,0,0,0,0,17,242,5,0,0,0,0,4.7,71.2
25,23122,Garrett Wilson,NYJ,WR,17,0,0,0,0,0,25,296,3,0,0,0,0,4.2,70.6
26,21681,Justin Herbert,LAC,QB,17,870,8,0,56,0,0,0,0,0,0,0,0,4.1,70.4
27,23151,Drake London,ATL,WR,17,0,0,0,-3,0,21,256,4,0,0,0,0,4.1,70.3
28,23239,C.J. Stroud,HOU,QB,17,1085,7,4,63,0,0,0,0,0,0,0,0,4.1,69.7
29,23227,Khalil Shakir,BUF,WR,15,0,0,0,0,0,22,348,2,0,0,0,0,4.6,68.8
30,21717,Jauan Jennings,SF,WR,15,0,0,0,0,0,25,256,3,0,0,0,0,4.6,68.6
31,24943,Brock Bowers,LV,TE,17,0,0,0,2,0,25,302,2,0,0,0,0,4.0,67.4
32,21841,Jordan Love,GB,QB,15,659,11,4,32,0,0,0,0,0,0,0,0,4.4,65.6
33,2593,Aaron Rodgers,NYJ,QB,17,1183,7,6,38,0,0,0,0,0,0,0,0,3.8,65.1
34,21042,A.J. Brown,PHI,WR,13,0,0,0,0,0,18,273,3,0,0,0,0,4.9,63.3
35,23157,Jaxon Smith-Njigba,SEA,WR,17,0,0,0,4,0,26,307,1,0,0,0,0,3.7,63.1
36,24927,Caleb Williams,CHI,QB,17,835,5,2,169,0,0,0,0,0,0,0,0,3.7,62.3
37,21734,Nick Westbrook-Ikhine,TEN,WR,17,0,0,0,0,0,11,209,5,0,0,0,0,3.6,61.9
38,23167,Romeo Doubs,GB,WR,13,0,0,0,0,0,17,252,3,0,0,0,0,4.6,60.2
39,23132,Bryce Young,CAR,QB,14,628,4,4,87,3,0,0,0,0,0,0,0,4.3,59.8
40,14536,Russell Wilson,PIT,QB,11,842,6,3,79,0,0,0,0,0,0,0,0,5.4,59.6
41,19766,Saquon Barkley,PHI,RB,16,0,0,0,210,3,8,125,0,0,0,0,0,3.7,59.5
42,22564,Ja'Marr Chase,CIN,WR,17,0,0,0,0,0,21,257,2,0,0,0,0,3.5,58.7
43,23233,Jayden Reed,GB,WR,17,0,0,0,0,0,13,213,4,0,0,0,0,3.4,58.3
44,24145,Josh Downs,IND,WR,14,0,0,0,0,0,20,260,2,0,0,0,0,4.1,58.0
45,23200,Jahmyr Gibbs,DET,RB,17,0,0,0,154,4,10,74,0,0,0,0,0,3.3,56.8
46,21961,Darnell Mooney,ATL,WR,16,0,0,0,0,0,17,275,2,0,0,0,0,3.5,56.5
47,25097,Ladd McConkey,LAC,WR,16,0,0,0,0,0,21,235,2,0,0,0,0,3.5,56.5
48,15048,Travis Kelce,KC,TE,16,0,0,0,0,0,25,254,1,0,0,0,0,3.5,56.4
49,23165,Marvin Mims Jr.,DEN,WR,17,0,0,0,0,0,14,244,3,0,0,0,0,3.3,56.4
50,19803,Mark Andrews,BAL,TE,17,0,0,0,1,0,15,168,4,0,0,0,0,3.3,55.9
51,22507,Pat Freiermuth,PIT,TE,17,0,0,0,0,0,18,212,3,0,0,0,0,3.2,55.2
52,19802,Calvin Ridley,TEN,WR,17,0,0,0,0,0,16,330,1,0,0,0,0,3.2,55.0
53,19844,DJ Moore,CHI,WR,17,0,0,0,0,0,21,218,2,0,0,0,0,3.2,54.8
54,16470,Davante Adams,NYJ,WR,14,0,0,0,0,0,17,315,1,0,0,0,0,3.9,54.5
55,14895,Geno Smith,SEA,QB,17,1012,5,7,72,0,0,0,0,0,0,0,0,3.2,53.7
56,20875,DK Metcalf,SEA,WR,15,0,0,0,0,0,16,251,2,0,0,0,0,3.5,53.1
57,21679,CeeDee Lamb,DAL,WR,15,0,0,0,0,0,20,261,1,0,0,0,0,3.5,52.1
58,23153,George Pickens,PIT,WR,14,0,0,0,0,0,22,295,0,0,0,0,0,3.7,51.5
59,18082,Tyreek Hill,MIA,WR,17,0,0,0,0,0,18,214,2,0,0,0,0,3.0,51.4
60,20876,Jakobi Meyers,LV,WR,15,0,0,0,20,0,22,273,0,0,0,0,0,3.4,51.3
61,25098,Jalen McMillan,TB,WR,13,0,0,0,9,0,10,163,4,0,0,0,0,3.9,51.2
62,17975,Hunter Henry,NE,TE,16,0,0,0,0,0,21,242,1,0,0,0,0,3.2,51.2
63,16311,Derek Carr,NO,QB,10,639,6,1,35,0,0,0,0,0,0,0,0,5.1,51.1
64,21692,Jerry Jeudy,CLE,WR,17,0,0,0,0,0,19,253,1,0,0,0,0,3.0,50.3
65,23212,Kyren Williams,LAR,RB,16,0,0,0,176,3,6,25,1,0,0,0,0,3.1,50.1
66,22623,Rashod Bateman,BAL,WR,17,0,0,0,0,0,15,171,3,0,0,0,0,2.9,50.1
67,18990,Jonnu Smith,MIA,TE,17,0,0,0,0,0,19,185,2,0,0,0,0,2.9,49.5
68,21687,DeVonta Smith,PHI,WR,13,0,0,0,0,0,14,171,3,0,0,0,0,3.8,49.1
69,16597,Mike Evans,TB,WR,14,0,0,0,0,0,15,220,2,0,0,0,0,3.5,49.0
70,14252,Kirk Cousins,ATL,QB,14,866,5,1,0,0,0,0,0,0,0,0,0,3.5,48.6
71,19976,Marquez Valdes-Scantling,NO,WR,14,0,0,0,0,0,7,167,4,0,0,0,0,3.4,47.7
72,23173,Zach Charbonnet,SEA,RB,17,0,0,0,92,2,14,124,0,0,0,0,0,2.8,47.6
73,22526,Breece Hall,NYJ,RB,16,0,0,0,88,1,14,124,1,0,0,0,0,3.0,47.2
74,24068,KaVontae Turpin,DAL,WR,17,0,0,0,11,0,11,226,2,0,0,0,0,2.7,46.7
75,611,Joe Flacco,IND,QB,8,440,7,1,27,0,0,0,0,0,0,0,0,5.8,46.3
76,22566,Calvin Austin III,PIT,WR,17,0,0,0,0,0,12,223,2,0,0,0,0,2.7,46.3
77,14986,DeAndre Hopkins,KC,WR,16,0,0,0,0,0,15,184,2,0,0,0,0,2.8,45.4
78,19853,Mike Gesicki,CIN,TE,17,0,0,0,0,0,18,212,1,0,0,0,0,2.7,45.2
79,20802,Justice Hill,BAL,RB,15,0,0,0,67,1,15,168,0,0,0,0,0,3.0,44.5
80,24117,Anthony Richardson Sr.,IND,QB,11,455,1,2,131,2,1,-1,0,0,0,0,0,4.0,44.2
81,23189,Bijan Robinson,ATL,RB,17,0,0,0,96,2,11,115,0,0,0,0,0,2.6,44.1
82,23251,Trey McBride,ARI,TE,16,0,0,0,0,0,20,240,0,0,0,0,0,2.8,44.0
83,18993,Samaje Perine,KC,RB,17,0,0,0,26,0,14,211,1,0,0,0,0,2.6,43.7
84,24172,Puka Nacua,LAR,WR,11,0,0,0,9,0,17,195,1,0,0,0,0,3.9,43.4
85,23134,Cade Otton,TB,TE,14,0,0,0,0,0,15,161,2,0,0,0,0,3.1,43.1
86,14856,Zach Ertz,WAS,TE,17,0,0,0,0,0,13,119,3,0,0,0,0,2.5,42.9
87,24179,De'Von Achane,MIA,RB,17,0,0,0,45,1,13,132,1,0,0,0,0,2.5,42.7
88,15076,Keenan Allen,CHI,WR,15,0,0,0,0,0,18,183,1,0,0,0,0,2.8,42.3
89,19045,Aaron Jones,MIN,RB,17,0,0,0,41,1,11,147,1,0,0,0,0,2.5,41.8
90,24609,Emari Demercado,ARI,RB,13,0,0,0,193,1,10,63,0,0,0,0,0,3.2,41.6
91,23120,Zay Flowers,BAL,WR,17,0,0,0,0,0,13,226,1,0,0,0,0,2.4,41.6
92,20145,Allen Lazard,NYJ,WR,12,0,0,0,0,0,10,193,2,0,0,0,0,3.4,41.3
93,19023,Mack Hollins,BUF,WR,17,0,0,0,0,0,10,130,3,0,0,0,0,2.4,41.0
94,24958,Drake Maye,NE,QB,13,537,6,3,53,0,0,0,0,0,0,0,0,3.1,40.8
95,22597,Jalen Tolbert,DAL,WR,17,0,0,0,0,0,12,226,1,0,0,0,0,2.4,40.6
96,22592,Elijah Moore,CLE,WR,17,0,0,0,0,0,20,206,0,0,0,0,0,2.4,40.6
97,24180,DeMario Douglas,NE,WR,17,0,0,0,0,0,17,175,1,0,0,0,0,2.4,40.5
98,21674,J.K. Dobbins,LAC,RB,13,0,0,0,173,2,7,42,0,0,0,0,0,3.1,40.5
99,21682,Jonathan Taylor,IND,RB,14,0,0,0,165,4,0,0,0,0,0,0,0,2.9,40.5
100,24176,Tank Dell,HOU,WR,14,0,0,0,0,0,18,216,0,0,0,0,0,2.8,39.6
101,20859,Drew Lock,NYG,QB,8,273,5,1,66,1,0,0,0,0,0,0,0,4.9,39.5
102,16830,Tyler Lockett,SEA,WR,17,0,0,0,0,0,14,194,1,0,0,0,0,2.3,39.4
103,20943,Darius Slayton,NYG,WR,16,0,0,0,0,0,14,192,1,0,0,0,0,2.5,39.2
104,22613,Joshua Palmer,LAC,WR,15,0,0,0,0,0,14,191,1,0,0,0,0,2.6,39.1
105,9038,Matthew Stafford,LAR,QB,16,687,4,3,16,0,0,0,0,0,0,0,0,2.4,39.1
106,23270,Will Levis,TEN,QB,12,736,4,4,75,0,0,0,0,0,0,0,0,3.2,38.9
107,16906,Stefon Diggs,HOU,WR,8,13,0,0,6,1,13,127,1,0,0,0,0,4.9,38.8
108,23253,Dontayvion Wicks,GB,WR,17,0,0,0,0,0,12,84,3,0,0,0,0,2.3,38.4
109,24374,Chase Brown,CIN,RB,16,0,0,0,50,2,9,58,1,0,0,0,0,2.4,37.8
110,19961,Ray-Ray McCloud III,ATL,WR,17,0,0,0,-2,0,17,226,0,0,0,0,0,2.2,37.4
111,17959,Derrick Henry,BAL,RB,17,0,0,0,121,2,4,27,1,0,0,0,0,2.2,36.8
112,23162,Jordan Addison,MIN,WR,15,0,0,0,0,0,15,158,1,0,0,0,0,2.5,36.8
113,21744,Michael Pittman Jr.,IND,WR,16,0,0,0,0,0,13,117,2,0,0,0,0,2.3,36.7
114,19920,Dalton Schultz,HOU,TE,17,0,0,0,0,0,13,176,1,0,0,0,0,2.2,36.6
115,21071,Greg Dortch,ARI,WR,17,0,0,0,0,0,14,166,1,0,0,0,0,2.2,36.6
116,21677,Tua Tagovailoa,MIA,QB,11,706,4,3,23,0,0,0,0,0,0,0,0,3.3,36.5
117,21785,Noah Gray,KC,TE,17,0,0,0,0,0,8,105,3,0,0,0,0,2.1,36.5
118,24177,Tre Tucker,LV,WR,17,0,0,0,3,1,13,112,1,0,0,0,0,2.1,36.5
119,22558,Javonte Williams,DEN,RB,17,0,0,0,29,1,15,122,0,0,0,0,0,2.1,36.1
120,18882,Cooper Kupp,LAR,WR,12,0,0,0,0,0,16,140,1,0,0,0,0,3.0,36.0
121,20932,Deebo Samuel Sr.,SF,WR,15,0,0,0,-7,0,12,187,1,0,0,0,0,2.4,36.0
122,22492,Justin Fields,PIT,QB,10,349,2,0,40,2,0,0,0,0,0,0,0,3.6,36.0
123,18880,Chris Godwin,TB,WR,7,0,0,0,2,0,16,197,0,0,0,0,0,5.1,35.9
124,16762,Jameis Winston,CLE,QB,12,583,4,1,1,0,0,0,0,0,0,0,0,3.0,35.4
125,15534,Adam Thielen,CAR,WR,10,0,0,0,0,0,13,163,1,0,0,0,0,3.5,35.3
126,24977,Rome Odunze,CHI,WR,17,0,0,0,0,0,12,172,1,0,0,0,0,2.1,35.2
127,20841,Daniel Jones,NYG,QB,10,586,3,2,56,0,0,0,0,0,0,0,0,3.5,35.0
128,19988,Tyler Conklin,NYJ,TE,16,0,0,0,0,0,13,159,1,0,0,0,0,2.2,34.9
129,16568,Brandin Cooks,DAL,WR,10,0,0,0,0,0,12,105,2,0,0,0,0,3.5,34.5
130,22546,Rhamondre Stevenson,NE,RB,15,0,0,0,27,2,9,46,1,0,0,0,0,2.3,34.3
131,22496,Mac Jones,JAX,QB,10,481,3,4,48,1,0,0,0,0,0,0,0,3.4,34.0
132,18878,Alvin Kamara,NO,RB,14,0,0,0,119,1,9,65,0,0,0,0,0,2.4,33.4
133,21691,Chuba Hubbard,CAR,RB,15,0,0,0,100,2,8,32,0,0,0,0,0,2.2,33.2
134,19461,Cooper Rush,DAL,QB,12,547,5,3,6,0,0,0,0,0,0,0,0,2.7,32.5
135,23232,Alec Pierce,IND,WR,16,0,0,0,0,0,8,183,1,0,0,0,0,2.0,32.3
136,24119,Andrei Iosivas,CIN,WR,17,0,0,0,0,0,7,132,2,0,0,0,0,1.9,32.2
137,17986,Tyler Boyd,TEN,WR,16,0,0,0,3,0,14,177,0,0,0,0,0,2.0,32.0
138,18914,Mike Williams,PIT,WR,18,0,0,0,0,0,9,170,1,0,0,0,0,1.8,32.0
139,25198,Devaughn Vele,DEN,WR,13,0,0,0,0,0,12,139,1,0,0,0,0,2.5,31.9
140,24118,Tucker Kraft,GB,TE,17,0,0,0,4,0,9,105,2,0,0,0,0,1.9,31.9
141,21077,Diontae Johnson,HOU,WR,12,0,0,0,0,0,7,127,2,0,0,0,0,2.6,31.7
142,25003,Xavier Legette,CAR,WR,16,0,0,0,0,0,12,136,1,0,0,0,0,2.0,31.6
143,19922,Justin Watson,KC,WR,17,0,0,0,0,0,9,103,2,0,0,0,0,1.8,31.3
144,22598,Jaylen Waddle,MIA,WR,15,0,0,0,0,0,13,182,0,0,0,0,0,2.1,31.2
145,23479,Jaylen Warren,PIT,RB,15,0,0,0,66,0,14,102,0,0,0,0,0,2.1,30.8
146,24173,Michael Wilson,ARI,WR,16,0,0,0,7,0,10,78,2,0,0,0,0,1.9,30.5
147,22490,Trevor Lawrence,JAX,QB,10,374,4,2,55,0,0,0,0,0,0,0,0,3.0,30.5
148,16815,Ameer Abdullah,LV,RB,16,0,0,0,52,0,12,91,1,0,0,0,0,1.9,30.3
149,21142,Olamide Zaccheaus,WAS,WR,17,0,0,0,0,0,11,132,1,0,0,0,0,1.8,30.2
150,24964,Keon Coleman,BUF,WR,13,0,0,0,0,0,8,100,2,0,0,0,0,2.3,30.0
151,25122,Jalen Coker,CAR,WR,11,0,0,0,0,0,10,133,1,0,0,0,0,2.7,29.3
152,23141,Sam LaPorta,DET,TE,16,0,0,0,0,0,13,103,1,0,0,0,0,1.8,29.3
153,24372,Roschon Johnson,CHI,RB,14,0,0,0,33,1,12,78,0,0,0,0,0,2.1,29.1
154,18876,David Njoku,CLE,TE,11,0,0,0,0,0,10,70,2,0,0,0,0,2.6,29.0
155,19903,Jordan Akins,CLE,TE,17,0,0,0,0,0,12,108,1,0,0,0,0,1.7,28.8
156,19863,Dallas Goedert,PHI,TE,10,0,0,0,0,0,10,185,0,0,0,0,0,2.9,28.5
157,17217,Raheem Mostert,MIA,RB,13,0,0,0,15,2,7,79,0,0,0,0,0,2.2,28.4
158,23217,Rachaad White,TB,RB,16,0,0,0,70,0,13,104,0,0,0,0,0,1.8,28.4
159,20805,T.J. Hockenson,MIN,TE,10,0,0,0,0,0,14,142,0,0,0,0,0,2.8,28.2
160,19626,Dare Ogunbowale,HOU,RB,17,0,0,0,20,0,11,152,0,0,0,0,0,1.7,28.2
161,23368,Jalen Nailor,MIN,WR,17,0,0,0,0,0,8,140,1,0,0,0,0,1.6,28.0
162,24102,Dalton Kincaid,BUF,TE,13,0,0,0,0,0,9,130,1,0,0,0,0,2.2,28.0
163,21772,Cole Kmet,CHI,TE,17,0,0,0,0,0,13,86,1,0,0,0,0,1.6,27.6
164,22508,Kyle Pitts Sr.,ATL,TE,17,0,0,0,0,0,14,133,0,0,0,0,0,1.6,27.3
165,24982,Ricky Pearsall,SF,WR,11,0,0,0,0,0,9,121,1,0,0,0,0,2.5,27.1
166,24924,Xavier Worthy,KC,WR,17,0,0,0,0,0,13,138,0,0,0,0,0,1.6,26.8
167,19850,Mason Rudolph,TEN,QB,8,300,4,3,46,0,0,0,0,0,0,0,0,3.3,26.6
168,19207,Tim Patrick,DET,WR,16,0,0,0,0,0,6,81,2,0,0,0,0,1.6,26.1
169,21739,Van Jefferson,PIT,WR,17,0,0,0,0,0,7,129,1,0,0,0,0,1.5,25.9
170,24348,Cedric Tillman,CLE,WR,11,0,0,0,-5,0,9,112,1,0,0,0,0,2.3,25.7
171,23121,Kayshon Boutte,NE,WR,15,0,0,0,0,0,8,116,1,0,0,0,0,1.7,25.6
172,19815,Christian Kirk,JAX,WR,8,0,0,0,0,0,8,106,1,0,0,0,0,3.1,24.6
173,21738,Juwan Johnson,NO,TE,17,0,0,0,0,0,10,145,0,0,0,0,0,1.4,24.5
174,24947,Ja'Tavion Sanders,CAR,TE,16,0,0,0,0,0,9,94,1,0,0,0,0,1.5,24.4
175,23395,Christian Watson,GB,WR,15,0,0,0,0,0,8,162,0,0,0,0,0,1.6,24.2
176,20912,Tony Pollard,TEN,RB,16,0,0,0,104,1,4,36,0,0,0,0,0,1.5,24.0
177,19562,Austin Ekeler,WAS,RB,12,0,0,0,22,0,8,137,0,0,0,0,0,2.0,23.9
178,18983,James Conner,ARI,RB,16,0,0,0,47,1,4,22,1,0,0,0,0,1.4,22.9
179,24223,Brenton Strange,JAX,TE,17,0,0,0,0,0,8,89,1,0,0,0,0,1.3,22.9
180,24974,Marvin Harrison Jr.,ARI,WR,17,0,0,0,0,0,9,139,0,0,0,0,0,1.3,22.9
181,23138,Jake Ferguson,DAL,TE,14,0,0,0,0,0,13,94,0,0,0,0,0,1.6,22.4
182,18055,Dak Prescott,DAL,QB,8,528,2,3,3,0,0,0,0,0,0,0,0,2.7,21.4
183,24143,Parker Washington,JAX,WR,17,0,0,0,0,0,9,122,0,0,0,0,0,1.2,21.2
184,17961,Sterling Shepard,TB,WR,14,0,0,0,19,0,6,72,1,0,0,0,0,1.5,21.1
185,20880,Gardner Minshew,LV,QB,10,428,3,5,39,0,0,0,0,0,0,0,0,2.1,21.0
186,24967,Bucky Irving,TB,RB,17,0,0,0,41,2,3,19,0,0,0,0,0,1.2,21.0
187,16765,Amari Cooper,BUF,WR,14,0,0,0,0,0,9,119,0,0,0,0,0,1.5,20.9
188,22604,Tylan Wallace,BAL,WR,17,0,0,0,0,0,4,109,1,0,0,0,0,1.2,20.9
189,23118,Malik Willis,GB,QB,7,266,1,0,60,0,0,0,0,0,0,0,0,2.9,20.6
190,23160,John Metchie III,HOU,WR,13,0,0,0,0,0,8,65,1,0,0,0,0,1.6,20.5
191,24309,Emanuel Wilson,GB,RB,17,0,0,0,48,2,4,-6,0,0,0,0,0,1.2,20.2
192,18912,Evan Engram,JAX,TE,9,0,0,0,0,0,11,92,0,0,0,0,0,2.2,20.2
193,23190,Brian Robinson Jr.,WAS,RB,14,0,0,0,128,0,4,34,0,0,0,0,0,1.4,20.2
194,21861,Antonio Gibson,NE,RB,17,0,0,0,18,0,10,82,0,0,0,0,0,1.2,20.0
195,21810,Tyler Huntley,MIA,QB,5,183,1,0,46,1,0,0,0,0,0,0,0,4.0,19.9
196,25092,Tyrone Tracy Jr.,NYG,RB,17,0,0,0,61,0,5,28,1,0,0,0,0,1.2,19.9
197,21807,Colby Parkinson,LAR,TE,17,0,0,0,0,0,10,99,0,0,0,0,0,1.2,19.9
198,24123,Tyjae Spears,TEN,RB,12,0,0,0,29,1,6,49,0,0,0,0,0,1.7,19.8
199,24350,Aidan O'Connell,LV,QB,9,398,2,1,-3,0,0,0,0,0,0,0,0,2.2,19.6
200,20868,Alexander Mattison,LV,RB,14,0,0,0,62,0,10,54,0,0,0,0,0,1.4,19.6
201,24288,Luke Schoonmaker,DAL,TE,17,0,0,0,0,0,6,76,1,0,0,0,0,1.2,19.6
202,20753,Noah Fant,SEA,TE,14,0,0,0,0,0,10,93,0,0,0,0,0,1.4,19.3
203,18047,Demarcus Robinson,LAR,WR,17,0,0,0,0,0,5,83,1,0,0,0,0,1.1,19.3
204,23489,Chig Okonkwo,TEN,TE,17,0,0,0,0,0,11,81,0,0,0,0,0,1.1,19.1
205,21784,Zack Moss,CIN,RB,8,0,0,0,20,0,6,50,1,0,0,0,0,2.4,19.0
206,16866,Jamison Crowder,WAS,WR,6,0,0,0,0,0,7,58,1,0,0,0,0,3.1,18.8
207,23193,Tank Bigsby,JAX,RB,16,0,0,0,111,1,1,7,0,0,0,0,0,1.2,18.8
208,20837,Ty Johnson,BUF,RB,17,0,0,0,14,0,7,104,0,0,0,0,0,1.1,18.8
209,20933,Miles Sanders,CAR,RB,11,0,0,0,25,0,11,53,0,0,0,0,0,1.7,18.8
210,20882,David Montgomery,DET,RB,14,0,0,0,50,1,4,31,0,0,0,0,0,1.3,18.1
211,23250,Tyler Allgeier,ATL,RB,17,0,0,0,50,1,4,30,0,0,0,0,0,1.1,18.0
212,20824,Josh Jacobs,GB,RB,17,0,0,0,57,1,4,22,0,0,0,0,0,1.1,17.9
213,24954,Adonai Mitchell,IND,WR,17,0,0,0,0,0,7,108,0,0,0,0,0,1.0,17.8
214,23247,James Cook,BUF,RB,16,0,0,0,36,0,4,41,1,0,0,0,0,1.1,17.7
215,23486,Grant Calcaterra,PHI,TE,17,0,0,0,0,0,6,56,1,0,0,0,0,1.0,17.6
216,23729,Rashid Shaheed,NO,WR,6,0,0,0,0,0,3,82,1,0,0,0,0,2.9,17.2
217,18422,Kalif Raymond,DET,WR,12,0,0,0,0,0,5,60,1,0,0,0,0,1.4,17.0
218,24151,Payne Durham,TB,TE,16,0,0,0,0,0,3,18,2,0,0,0,0,1.1,16.8
219,18857,Deshaun Watson,CLE,QB,7,252,0,0,61,0,0,0,0,0,0,0,0,2.3,16.2
220,24194,Sean Tucker,TB,RB,17,0,0,0,32,0,2,45,1,0,0,0,0,0.9,15.7
221,22565,Chris Olave,NO,WR,8,0,0,0,0,0,7,86,0,0,0,0,0,1.9,15.6
222,19165,Johnny Mundt,MIN,TE,17,0,0,0,0,0,6,35,1,0,0,0,0,0.9,15.5
223,22562,Kenneth Gainwell,PHI,RB,17,0,0,0,38,0,6,55,0,0,0,0,0,0.9,15.3
224,23242,Michael Penix Jr.,ATL,QB,5,214,1,2,6,1,0,0,0,0,0,0,0,3.0,15.2
225,20884,Foster Moreau,NO,TE,17,0,0,0,0,0,5,41,1,0,0,0,0,0.9,15.1
226,23608,Drew Ogletree,IND,TE,17,0,0,0,0,0,4,51,1,0,0,0,0,0.9,15.1
227,12841,Andy Dalton,CAR,QB,6,263,2,2,5,0,0,0,0,0,0,0,0,2.5,15.0
228,21952,Rico Dowdle,DAL,RB,16,0,0,0,87,1,1,9,0,0,0,0,0,0.9,14.6
229,22602,Tutu Atwell,LAR,WR,17,0,0,0,0,0,7,75,0,0,0,0,0,0.9,14.5
230,24120,Rashee Rice,KC,WR,4,0,0,0,0,0,4,45,1,0,0,0,0,3.6,14.5
231,20013,Cedrick Wilson Jr.,NO,WR,15,0,0,0,0,0,6,85,0,0,0,0,0,1.0,14.5
232,21747,Brandon Aiyuk,SF,WR,7,0,0,0,0,0,6,83,0,0,0,0,0,2.0,14.3
233,18900,Mo Alie-Cox,IND,TE,17,0,0,0,0,0,3,52,1,0,0,0,0,0.8,14.2
234,24278,Hunter Luepke,DAL,RB,16,0,0,0,25,0,5,65,0,0,0,0,0,0.9,14.0
235,24511,Tyrell Shavers,BUF,WR,3,0,0,0,0,0,1,69,1,0,0,0,0,4.6,13.9
236,25106,AJ Barner,SEA,TE,17,0,0,0,0,0,4,33,1,0,0,0,0,0.8,13.3
237,24311,Jaleel McLaughlin,DEN,RB,16,0,0,0,15,0,6,17,1,0,0,0,0,0.8,13.2
238,22501,Kenny Pickett,PHI,QB,5,108,2,0,8,0,0,0,0,0,0,0,0,2.6,13.1
239,23186,Spencer Rattler,NO,QB,7,242,0,1,53,0,0,0,0,0,0,0,0,1.9,13.0
240,21765,JaMycal Hasty,NE,RB,15,0,0,0,15,0,3,23,1,0,0,0,0,0.9,12.8
241,20506,Tanner Hudson,CIN,TE,11,0,0,0,0,0,8,67,0,0,0,0,0,1.2,12.7
242,14871,Robert Woods,HOU,WR,15,0,0,0,0,0,6,66,0,0,0,0,0,0.8,12.6
243,21714,K.J. Osborn,WAS,WR,8,0,0,0,0,0,3,36,1,0,0,0,0,1.6,12.6
244,19120,David Moore,CAR,WR,17,0,0,0,0,0,5,76,0,0,0,0,0,0.7,12.6
245,21768,Najee Harris,PIT,RB,17,0,0,0,29,0,4,55,0,0,0,0,0,0.7,12.4
246,18928,Curtis Samuel,BUF,WR,14,0,0,0,0,0,7,54,0,0,0,0,0,0.9,12.4
247,23341,Tyler Goodson,IND,RB,16,0,0,0,17,0,3,16,1,0,0,0,0,0.8,12.3
248,25201,Jordan Whittington,LAR,WR,15,0,0,0,0,0,3,91,0,0,0,0,0,0.8,12.1
249,22644,DJ Turner,LV,WR,12,0,0,0,0,0,3,30,1,0,0,0,0,1.0,12.0
250,23659,Tay Martin,TEN,WR,1,0,0,0,0,0,1,49,1,0,0,0,0,11.9,11.9
251,23142,Theo Johnson,NYG,TE,12,0,0,0,0,0,6,58,0,0,0,0,0,1.0,11.8
252,19065,Jeremy McNichols,WAS,RB,17,0,0,0,46,1,1,1,0,0,0,0,0,0.7,11.7
253,19238,Taysom Hill,NO,QB,8,0,0,0,24,0,7,43,0,0,0,0,0,1.5,11.7
254,21801,Trey Sermon,IND,RB,17,0,0,0,22,0,6,34,0,0,0,0,0,0.7,11.6
255,18883,JuJu Smith-Schuster,KC,WR,14,0,0,0,0,0,3,26,1,0,0,0,0,0.8,11.6
256,23256,Isaiah Likely,BAL,TE,16,0,0,0,0,0,6,56,0,0,0,0,0,0.7,11.6
257,21684,D'Andre Swift,CHI,RB,17,0,0,0,33,0,4,43,0,0,0,0,0,0.7,11.6
258,23214,Kenneth Walker III,SEA,RB,11,0,0,0,34,0,5,31,0,0,0,0,0,1.0,11.5
259,20931,Drew Sample,CIN,TE,17,0,0,0,0,0,4,12,1,0,0,0,0,0.7,11.2
260,19950,Will Dissly,LAC,TE,15,0,0,0,0,0,6,50,0,0,0,0,0,0.7,11.0
261,20850,Dawson Knox,BUF,TE,16,0,0,0,0,0,3,19,1,0,0,0,0,0.7,10.9
262,19854,Dante Pettis,NO,WR,8,0,0,0,0,0,5,59,0,0,0,0,0,1.4,10.9
263,18944,Kareem Hunt,KC,RB,13,0,0,0,35,1,1,3,0,0,0,0,0,0.8,10.8
264,18032,Tyler Higbee,LAR,TE,3,0,0,0,0,0,3,15,1,0,0,0,0,3.5,10.5
265,24686,Nate Adkins,DEN,TE,17,0,0,0,0,0,3,15,1,0,0,0,0,0.6,10.5
266,23364,Jordan Mason,SF,RB,12,0,0,0,74,0,2,10,0,0,0,0,0,0.9,10.4
267,21696,Travis Etienne Jr.,JAX,RB,15,0,0,0,21,0,5,32,0,0,0,0,0,0.7,10.3
268,24347,Xavier Hutchinson,HOU,WR,16,0,0,0,0,0,5,53,0,0,0,0,0,0.6,10.3
269,23205,Jerome Ford,CLE,RB,14,0,0,0,14,0,5,39,0,0,0,0,0,0.7,10.3
270,25144,Devin Culp,TB,TE,5,0,0,0,0,0,4,62,0,0,0,0,0,2.0,10.2
271,23136,Darnell Washington,PIT,TE,17,0,0,0,0,0,2,22,1,0,0,0,0,0.6,10.2
272,22686,Dyami Brown,WAS,WR,16,0,0,0,0,0,6,41,0,0,0,0,0,0.6,10.1
273,19318,Kendrick Bourne,NE,WR,12,0,0,0,6,0,5,45,0,0,0,0,0,0.8,10.1
274,24217,Trey Palmer,TB,WR,15,0,0,0,0,0,3,70,0,0,0,0,0,0.7,10.0
275,21735,Gabe Davis,JAX,WR,10,0,0,0,0,0,6,59,0,0,0,0,0,1.0,9.9
276,18018,Jacoby Brissett,NE,QB,8,251,0,1,38,0,0,0,0,0,0,0,0,1.2,9.8
277,23218,Pierre Strong Jr.,CLE,RB,14,0,0,0,13,0,4,44,0,0,0,0,0,0.7,9.7
278,24973,Troy Franklin,DEN,WR,16,0,0,0,0,0,5,45,0,0,0,0,0,0.6,9.5
279,18858,Joe Mixon,HOU,RB,14,0,0,0,60,0,2,15,0,0,0,0,0,0.7,9.5
280,24325,Johnny Wilson,PHI,WR,16,0,0,0,0,0,2,14,1,0,0,0,0,0.6,9.4
281,22645,Simi Fehoko,LAC,WR,8,0,0,0,0,0,3,64,0,0,0,0,0,1.2,9.4
282,22662,Tommy Tremble,CAR,TE,12,0,0,0,0,0,5,62,0,0,0,0,0,0.8,9.2
283,24978,Devontez Walker,BAL,WR,9,0,0,0,0,0,1,21,1,0,0,0,0,1.0,9.1
284,22823,Kylen Granson,IND,TE,17,0,0,0,0,0,3,61,0,0,0,0,0,0.5,9.1
285,24375,Josh Whyle,TEN,TE,17,0,0,0,0,0,6,30,0,0,0,0,0,0.5,9.0
286,19025,Joshua Dobbs,SF,QB,2,61,1,2,4,1,0,0,0,0,0,0,0,4.4,8.8
287,25133,Bub Means,NO,WR,7,0,0,0,0,0,4,48,0,0,0,0,0,1.3,8.8
288,24971,Audric Estime,DEN,RB,13,0,0,0,18,1,1,0,0,0,0,0,0,0.7,8.8
289,24449,Elijah Higgins,ARI,TE,17,0,0,0,0,0,1,18,1,0,0,0,0,0.5,8.8
290,23650,Lucas Krull,DEN,TE,13,0,0,0,0,0,5,37,0,0,0,0,0,0.7,8.7
291,21675,Tyler Johnson,LAR,WR,15,0,0,0,0,0,3,56,0,0,0,0,0,0.6,8.6
292,20816,Lil'Jordan Humphrey,DEN,WR,17,0,0,0,0,0,5,35,0,0,0,0,0,0.5,8.5
293,25103,Malik Washington,MIA,WR,14,0,0,0,0,0,5,35,0,0,0,0,0,0.6,8.5
294,24292,Trey Benson,ARI,RB,13,0,0,0,24,1,0,0,0,0,0,0,0,0.6,8.4
295,17963,Austin Hooper,NE,TE,17,0,0,0,0,0,4,44,0,0,0,0,0,0.5,8.4
296,22563,Khalil Herbert,CIN,RB,14,0,0,0,9,1,1,5,0,0,0,0,0,0.6,8.4
297,18811,Mitchell Trubisky,BUF,QB,9,105,1,0,1,0,0,0,0,0,0,0,0,0.9,8.3
298,24987,Luke McCaffrey,WAS,WR,17,0,0,0,0,0,4,43,0,0,0,0,0,0.5,8.3
299,20487,Brandon Powell,MIN,WR,17,0,0,0,0,0,4,41,0,0,0,0,0,0.5,8.1
300,19755,River Cracraft,MIA,WR,8,0,0,0,0,0,4,39,0,0,0,0,0,1.0,7.9
301,18019,Nick Vannett,TEN,TE,17,0,0,0,0,0,1,8,1,0,0,0,0,0.5,7.8
302,17218,DeAndre Carter,CHI,WR,13,0,0,0,0,0,4,36,0,0,0,0,0,0.6,7.6
303,18957,D'Onta Foreman,CLE,RB,11,0,0,0,12,0,3,33,0,0,0,0,0,0.7,7.5
304,25064,Isaiah Davis,NYJ,RB,17,0,0,0,20,0,2,34,0,0,0,0,0,0.4,7.4
305,23468,Michael Woods II,CLE,WR,5,0,0,0,0,0,3,43,0,0,0,0,0,1.5,7.3
306,25409,Mason Tipton,NO,WR,11,0,0,0,0,0,5,23,0,0,0,0,0,0.7,7.3
307,25687,Bryce Oliver,TEN,WR,10,0,0,0,0,0,2,52,0,0,0,0,0,0.7,7.2
308,19017,Josh Reynolds,JAX,WR,9,0,0,0,0,0,3,41,0,0,0,0,0,0.8,7.1
309,23273,Hassan Haskins,LAC,RB,17,0,0,0,30,1,0,0,0,0,0,0,0,0.4,7.0
310,17923,Ezekiel Elliott,DAL,RB,15,0,0,0,34,0,2,15,0,0,0,0,0,0.5,6.9
311,23840,Kevin Austin Jr.,NO,WR,8,0,0,0,0,0,3,39,0,0,0,0,0,0.9,6.9
312,24124,Tanner McKee,PHI,QB,2,65,1,0,2,0,0,0,0,0,0,0,0,3.4,6.8
313,24310,Jordan Mims,NO,RB,11,0,0,0,11,0,4,16,0,0,0,0,0,0.6,6.7
314,18877,Christian McCaffrey,SF,RB,4,0,0,0,15,0,3,22,0,0,0,0,0,1.7,6.7
315,16041,Jimmy Garoppolo,LAR,QB,1,115,1,1,0,0,0,0,0,0,0,0,0,6.6,6.6
316,16389,Odell Beckham Jr.,MIA,WR,9,0,0,0,0,0,4,26,0,0,0,0,0,0.7,6.6
317,23155,Jahan Dotson,PHI,WR,17,0,0,0,0,0,3,35,0,0,0,0,0,0.4,6.5
318,18995,Jamaal Williams,NO,RB,14,0,0,0,31,0,2,12,0,0,0,0,0,0.5,6.3
319,25063,Isaac Guerendo,SF,RB,16,0,0,0,30,0,1,23,0,0,0,0,0,0.4,6.3
320,24980,Ray Davis,BUF,RB,17,0,0,0,34,0,1,17,0,0,0,0,0,0.4,6.1
321,23192,Chris Brooks,GB,RB,15,0,0,0,4,0,3,27,0,0,0,0,0,0.4,6.1
322,21593,D'Ernest Johnson,JAX,RB,14,0,0,0,23,0,3,8,0,0,0,0,0,0.4,6.1
323,21138,Scotty Miller,PIT,WR,13,0,0,0,0,0,2,41,0,0,0,0,0,0.5,6.1
324,16263,Allen Robinson II,DET,WR,12,0,0,0,0,0,3,30,0,0,0,0,0,0.5,6.0
325,23267,Bailey Zappe,CLE,QB,1,47,1,0,0,0,0,0,0,0,0,0,0,5.9,5.9
326,24472,Xavier Gipson,NYJ,WR,17,0,0,0,0,0,3,28,0,0,0,0,0,0.3,5.8
327,23644,Stone Smartt,LAC,TE,15,0,0,0,0,0,3,26,0,0,0,0,0,0.4,5.6
328,21721,Devin Duvernay,JAX,WR,13,0,0,0,0,0,4,16,0,0,0,0,0,0.4,5.6
329,24339,Jake Bobo,SEA,WR,17,0,0,0,0,0,3,25,0,0,0,0,0,0.3,5.5
330,12831,Tyrod Taylor,NYJ,QB,2,35,1,0,0,0,0,0,0,0,0,0,0,2.7,5.4
331,24625,Tommy DeVito,NYG,QB,3,85,0,0,19,0,0,0,0,0,0,0,0,1.8,5.3
332,23485,Daniel Bellinger,NYG,TE,17,0,0,0,0,0,3,22,0,0,0,0,0,0.3,5.2
333,16781,Nelson Agholor,BAL,WR,14,0,0,0,0,0,2,32,0,0,0,0,0,0.4,5.2
334,24362,Malik Heath,GB,WR,13,0,0,0,0,0,1,41,0,0,0,0,0,0.4,5.1
335,24471,Ryan Miller,TB,WR,11,0,0,0,0,0,3,21,0,0,0,0,0,0.5,5.1
336,24952,Ja'Lynn Polk,NE,WR,15,0,0,0,0,0,3,20,0,0,0,0,0,0.3,5.0
337,19080,Noah Brown,WAS,WR,11,0,0,0,0,0,2,30,0,0,0,0,0,0.5,5.0
338,23310,Greg Dulcich,NYG,TE,9,0,0,0,0,0,3,19,0,0,0,0,0,0.5,4.9
339,21852,Ty Chandler,MIN,RB,17,0,0,0,10,0,2,18,0,0,0,0,0,0.3,4.8
340,20679,KhaDarel Hodge,ATL,WR,17,0,0,0,0,0,2,27,0,0,0,0,0,0.3,4.7
341,16763,Marcus Mariota,WAS,QB,3,109,0,0,3,0,0,0,0,0,0,0,0,1.6,4.7
342,21686,Jalen Reagor,LAC,WR,8,0,0,0,0,0,3,15,0,0,0,0,0,0.6,4.5
343,22521,Jeremy Ruckert,NYJ,TE,17,0,0,0,0,0,3,15,0,0,0,0,0,0.3,4.5
344,20788,Mecole Hardman,KC,WR,12,0,0,0,0,0,2,24,0,0,0,0,0,0.4,4.4
345,23586,Julius Chestnut,TEN,RB,17,0,0,0,32,0,1,2,0,0,0,0,0,0.3,4.4
346,20941,Devin Singletary,NYG,RB,15,0,0,0,26,0,1,8,0,0,0,0,0,0.3,4.4
347,14901,Kyle Juszczyk,SF,FB,17,0,0,0,20,0,2,3,0,0,0,0,0,0.3,4.3
348,24934,Braelon Allen,NYJ,RB,17,0,0,0,43,0,0,0,0,0,0,0,0,0.3,4.3
349,24148,Davis Allen,LAR,TE,15,0,0,0,0,0,2,23,0,0,0,0,0,0.3,4.3
350,20081,Trent Sherfield Sr.,MIN,WR,17,0,0,0,0,0,2,22,0,0,0,0,0,0.2,4.2
351,22493,Trey Lance,DAL,QB,4,65,0,0,16,0,0,0,0,0,0,0,0,1.1,4.2
352,23195,Eric Gray,NYG,RB,17,0,0,0,0,0,2,21,0,0,0,0,0,0.2,4.1
353,23482,Bo Melton,GB,WR,17,0,0,0,0,0,2,21,0,0,0,0,0,0.2,4.1
354,24985,Ben Sinnott,WAS,TE,17,0,0,0,0,0,2,19,0,0,0,0,0,0.2,3.9
355,23148,David Bell,CLE,WR,1,0,0,0,0,0,2,18,0,0,0,0,0,3.8,3.8
356,16928,Michael Burton,DEN,FB,17,0,0,0,2,0,2,16,0,0,0,0,0,0.2,3.8
357,22685,Terrace Marshall Jr.,LV,WR,7,0,0,0,0,0,1,28,0,0,0,0,0,0.5,3.8
358,23144,Ainias Smith,PHI,WR,7,0,0,0,4,0,2,13,0,0,0,0,0,0.5,3.7
359,19843,Hayden Hurst,LAC,TE,9,0,0,0,0,0,2,16,0,0,0,0,0,0.4,3.6
360,18935,Gerald Everett,CHI,TE,17,0,0,0,0,0,2,16,0,0,0,0,0,0.2,3.6
361,18926,Zay Jones,ARI,WR,11,0,0,0,0,0,2,16,0,0,0,0,0,0.3,3.6
362,21688,Cam Akers,MIN,RB,17,0,0,0,1,0,2,15,0,0,0,0,0,0.2,3.6
363,25124,Ryan Flournoy,DAL,WR,11,0,0,0,0,0,2,16,0,0,0,0,0,0.3,3.6
364,24397,Jalen Brooks,DAL,WR,14,0,0,0,0,0,1,24,0,0,0,0,0,0.2,3.4
365,22569,Dee Eskridge,MIA,WR,6,0,0,0,0,0,2,14,0,0,0,0,0,0.6,3.4
366,23143,Will Mallory,IND,TE,10,0,0,0,0,0,2,14,0,0,0,0,0,0.3,3.4
367,16837,Chris Conley,SF,WR,15,0,0,0,0,0,1,23,0,0,0,0,0,0.2,3.3
368,24343,Nikko Remigio,KC,WR,5,0,0,0,0,0,1,23,0,0,0,0,0,0.7,3.3
369,22345,Dan Chisena,CAR,WR,6,0,0,0,0,0,1,23,0,0,0,0,0,0.5,3.3
370,21798,Josiah Deguara,JAX,TE,15,0,0,0,0,0,2,12,0,0,0,0,0,0.2,3.2
371,22511,Quintin Morris,BUF,TE,16,0,0,0,0,0,2,12,0,0,0,0,0,0.2,3.2
372,23199,Sincere McCormick,LV,RB,5,0,0,0,32,0,0,0,0,0,0,0,0,0.6,3.2
373,22505,Davis Mills,HOU,QB,4,79,0,0,0,0,0,0,0,0,0,0,0,0.8,3.2
374,15150,Cordarrelle Patterson,PIT,RB,13,0,0,0,31,0,0,0,0,0,0,0,0,0.2,3.1
375,24125,Jalin Hyatt,NYG,WR,16,0,0,0,0,0,2,11,0,0,0,0,0,0.2,3.1
376,19943,Durham Smythe,MIA,TE,17,0,0,0,0,0,2,11,0,0,0,0,0,0.2,3.1
377,21005,Parris Campbell,PHI,WR,5,0,0,0,0,0,2,11,0,0,0,0,0,0.6,3.1
378,24984,Jamari Thrash,CLE,WR,9,0,0,0,0,0,2,11,0,0,0,0,0,0.3,3.1
379,21045,Marquise Brown,KC,WR,2,0,0,0,0,0,1,20,0,0,0,0,0,1.5,3.0
380,23371,Isiah Pacheco,KC,RB,7,0,0,0,19,0,1,1,0,0,0,0,0,0.4,3.0
381,23166,Rakim Jarrett,TB,WR,10,0,0,0,0,0,1,19,0,0,0,0,0,0.3,2.9
382,25025,Joe Milton III,NE,QB,1,51,0,0,8,0,0,0,0,0,0,0,0,2.8,2.8
383,24930,Sione Vaki,DET,RB,16,0,0,0,6,0,1,12,0,0,0,0,0,0.2,2.8
384,23140,Michael Mayer,LV,TE,11,0,0,0,0,0,2,8,0,0,0,0,0,0.3,2.8
385,25134,Brevyn Spann-Ford,DAL,TE,17,0,0,0,0,0,1,17,0,0,0,0,0,0.2,2.7
386,24979,Malachi Corley,NYJ,WR,9,0,0,0,0,0,2,6,0,0,0,0,0,0.3,2.6
387,19864,Anthony Miller,BAL,WR,2,0,0,0,0,0,1,16,0,0,0,0,0,1.3,2.6
388,20283,Tim Boyle,NYG,QB,3,54,0,0,4,0,0,0,0,0,0,0,0,0.9,2.6
389,23298,Raheem Blackshear,CAR,RB,16,0,0,0,25,0,0,0,0,0,0,0,0,0.2,2.5
390,25102,Will Shipley,PHI,RB,16,0,0,0,11,0,1,4,0,0,0,0,0,0.2,2.5
391,23469,Tyquan Thornton,NE,WR,6,0,0,0,0,0,1,14,0,0,0,0,0,0.4,2.4
392,25304,Casey Washington,ATL,WR,9,0,0,0,0,0,1,14,0,0,0,0,0,0.3,2.4
393,22514,Kenny Yeboah,NYJ,TE,9,0,0,0,0,0,1,12,0,0,0,0,0,0.2,2.2
394,23158,Jermaine Burton,CIN,WR,14,0,0,0,0,0,1,11,0,0,0,0,0,0.1,2.1
395,21823,Patrick Taylor Jr.,SF,RB,13,0,0,0,10,0,1,1,0,0,0,0,0,0.2,2.1
396,22892,Tim Jones,JAX,WR,17,0,0,0,0,0,1,10,0,0,0,0,0,0.1,2.0
397,17920,Carson Wentz,KC,QB,3,50,0,0,0,0,0,0,0,0,0,0,0,0.7,2.0
398,21697,Laviska Shenault Jr.,LAC,WR,12,0,0,0,0,0,1,10,0,0,0,0,0,0.2,2.0
399,18118,Brandon Allen,SF,QB,3,35,1,2,6,0,0,0,0,0,0,0,0,0.7,2.0
400,22517,Peyton Hendershot,KC,TE,7,0,0,0,0,0,1,10,0,0,0,0,0,0.3,2.0
401,17179,Taylor Heinicke,LAC,QB,4,18,0,0,12,0,0,0,0,0,0,0,0,0.5,1.9
402,19304,Pharaoh Brown,SEA,TE,15,0,0,0,0,0,1,9,0,0,0,0,0,0.1,1.9
403,25079,Kimani Vidal,LAC,RB,10,0,0,0,19,0,0,0,0,0,0,0,0,0.2,1.9
404,23302,Britain Covey,PHI,WR,5,0,0,0,0,0,1,9,0,0,0,0,0,0.4,1.9
405,20360,Jeff Wilson Jr.,MIA,RB,10,0,0,0,18,0,0,0,0,0,0,0,0,0.2,1.8
406,21769,Clyde Edwards-Helaire,NO,RB,2,0,0,0,0,0,1,8,0,0,0,0,0,0.9,1.8
407,22590,Ben Skowronek,PIT,WR,10,0,0,0,0,0,1,8,0,0,0,0,0,0.2,1.8
408,25208,Erick All Jr.,CIN,TE,9,0,0,0,0,0,1,8,0,0,0,0,0,0.2,1.8
409,17223,Eric Tomlinson,LAC,TE,9,0,0,0,0,0,1,7,0,0,0,0,0,0.2,1.7
410,21564,Craig Reynolds,DET,RB,17,0,0,0,17,0,0,0,0,0,0,0,0,0.1,1.7
411,25045,Rasheen Ali,BAL,RB,6,0,0,0,16,0,0,0,0,0,0,0,0,0.3,1.6
412,22657,John Bates,WAS,TE,17,0,0,0,0,0,1,6,0,0,0,0,0,0.1,1.6
413,24188,Deuce Vaughn,DAL,RB,7,0,0,0,0,0,1,6,0,0,0,0,0,0.2,1.6
414,21795,Luke Farrell,JAX,TE,17,0,0,0,0,0,1,6,0,0,0,0,0,0.1,1.6
415,25099,Dallin Holker,NO,TE,12,0,0,0,0,0,1,6,0,0,0,0,0,0.1,1.6
416,19330,Nick Mullens,MIN,QB,4,38,0,0,0,0,0,0,0,0,0,0,0,0.4,1.5
417,24944,Jonathon Brooks,CAR,RB,3,0,0,0,0,0,1,5,0,0,0,0,0,0.5,1.5
418,21804,DeeJay Dallas,ARI,RB,17,0,0,0,15,0,0,0,0,0,0,0,0,0.1,1.5
419,23237,Chris Rodriguez Jr.,WAS,RB,9,0,0,0,15,0,0,0,0,0,0,0,0,0.2,1.5
420,20810,Travis Homer,CHI,RB,10,0,0,0,2,0,1,3,0,0,0,0,0,0.1,1.5
421,22119,Charlie Woerner,ATL,TE,16,0,0,0,0,0,1,4,0,0,0,0,0,0.1,1.4
422,25205,Isaiah Williams,CIN,WR,8,0,0,0,0,0,1,4,0,0,0,0,0,0.2,1.4
423,24116,Blake Corum,LAR,RB,17,0,0,0,14,0,0,0,0,0,0,0,0,0.1,1.4
424,24150,Luke Musgrave,GB,TE,7,0,0,0,0,0,1,4,0,0,0,0,0,0.2,1.4
425,20159,Mike Boone,CAR,RB,6,0,0,0,6,0,1,-2,0,0,0,0,0,0.2,1.4
426,16903,MyCole Pruitt,PIT,TE,12,0,0,0,0,0,1,3,0,0,0,0,0,0.1,1.3
427,24238,Kendre Miller,NO,RB,6,0,0,0,12,0,0,0,0,0,0,0,0,0.2,1.2
428,19910,Ian Thomas,CAR,TE,5,0,0,0,0,0,1,2,0,0,0,0,0,0.2,1.2
429,21783,Harrison Bryant,LV,TE,13,0,0,0,0,0,1,2,0,0,0,0,0,0.1,1.2
430,19972,Mike White,BUF,QB,1,25,0,0,0,0,0,0,0,0,0,0,0,1.0,1.0
431,18652,C.J. Ham,MIN,FB,17,0,0,0,0,0,2,10,0,0,0,0,0,0.1,1.0
432,23713,Aaron Shampklin,PIT,RB,3,0,0,0,10,0,0,0,0,0,0,0,0,0.3,1.0
433,23249,Jake Haener,NO,QB,8,44,0,1,11,0,0,0,0,0,0,0,0,0.1,0.9
434,24939,Carson Steele,KC,FB,17,0,0,0,8,0,0,0,0,0,0,0,0,0.0,0.8
435,24296,Brycen Tremayne,WAS,WR,2,0,0,0,0,0,1,-2,0,0,0,0,0,0.4,0.8
436,20819,Alec Ingold,MIA,FB,15,0,0,0,8,0,0,0,0,0,0,0,0,0.1,0.8
437,24923,Jaylen Wright,MIA,RB,15,0,0,0,-3,0,1,0,0,0,0,0,0,0.0,0.7
438,20954,Jarrett Stidham,DEN,QB,3,0,0,0,7,0,0,0,0,0,0,0,0,0.2,0.7
439,23161,Jonathan Mingo,DAL,WR,17,0,0,0,0,0,1,-3,0,0,0,0,0,0.0,0.7
440,23185,Sam Howell,SEA,QB,3,17,0,0,0,0,0,0,0,0,0,0,0,0.2,0.7
441,23477,Skylar Thompson,MIA,QB,3,16,0,0,0,0,0,0,0,0,0,0,0,0.2,0.6
442,19798,Nick Chubb,CLE,RB,8,0,0,0,6,0,0,0,0,0,0,0,0,0.1,0.6
443,23201,Jase McClellan,ATL,RB,2,0,0,0,6,0,0,0,0,0,0,0,0,0.3,0.6
444,22553,Michael Carter,ARI,RB,3,0,0,0,6,0,0,0,0,0,0,0,0,0.2,0.6
445,6489,Josh Johnson,BAL,QB,6,17,0,0,-1,0,0,0,0,0,0,0,0,0.1,0.6
446,23629,Chris Oladokun,KC,QB,1,0,0,0,5,0,0,0,0,0,0,0,0,0.5,0.5
447,24140,Hendon Hooker,DET,QB,3,11,0,0,0,0,0,0,0,0,0,0,0,0.1,0.4
448,22555,Jermar Jefferson,DET,RB,2,0,0,0,4,0,0,0,0,0,0,0,0,0.2,0.4
449,22547,Ronnie Rivers,LAR,RB,17,0,0,0,4,0,0,0,0,0,0,0,0,0.0,0.4
450,21774,Tony Jones,ARI,RB,1,0,0,0,3,0,0,0,0,0,0,0,0,0.3,0.3
451,22206,Reggie Gilliam,BUF,FB,15,0,0,0,3,0,0,0,0,0,0,0,0,0.0,0.3
452,20239,Gus Edwards,LAC,RB,11,0,0,0,3,0,0,0,0,0,0,0,0,0.0,0.3
453,24373,Kenny McIntosh,SEA,RB,17,0,0,0,3,0,0,0,0,0,0,0,0,0.0,0.3
454,22502,Desmond Ridder,LV,QB,5,107,0,1,0,0,0,0,0,0,0,0,0,0.1,0.3
455,25050,Chris Collier,LV,RB,8,0,0,0,2,0,0,0,0,0,0,0,0,0.0,0.2
456,23223,Dameon Pierce,HOU,RB,11,0,0,0,2,0,0,0,0,0,0,0,0,0.0,0.2
457,25090,Terrell Jennings,NE,RB,3,0,0,0,1,0,0,0,0,0,0,0,0,0.0,0.1
458,23172,Tyrion Davis-Price,PHI,RB,1,0,0,0,1,0,0,0,0,0,0,0,0,0.1,0.1
459,24149,Brayden Willis,SF,TE,10,0,0,0,0,0,0,0,0,0,0,0,0,0.0,0.0
460,23662,Jake Tonges,SF,TE,16,0,0,0,0,0,0,0,0,0,0,0,0,0.0,0.0
461,25642,Kameron Johnson,TB,WR,5,0,0,0,0,0,0,0,0,0,0,0,0,0.0,0.0
462,25440,D.J. Williams,TB,RB,1,0,0,0,0,0,0,0,0,0,0,0,0,0.0,0.0
463,23119,Treylon Burks,TEN,WR,5,0,0,0,0,0,0,0,0,0,0,0,0,0.0,0.0
464,25132,Jha'Quan Jackson,TEN,WR,12,0,0,0,0,0,0,0,0,0,0,0,0,0.0,0.0
465,22488,Chris Blair,ATL,WR,4,0,0,0,0,0,0,0,0,0,0,0,0,0.0,0.0
466,25141,Tip Reiman,ARI,TE,17,0,0,0,0,0,0,0,0,0,0,0,0,0.0,0.0
467,25328,Baylor Cupp,KC,TE,1,0,0,0,0,0,0,0,0,0,0,0,0,0.0,0.0
468,24444,Travis Vokolek,ARI,TE,1,0,0,0,0,0,0,0,0,0,0,0,0,0.0,0.0
469,18197,Alex Erickson,NE,WR,3,0,0,0,0,0,0,0,0,0,0,0,0,0.0,0.0
470,20053,Kyle Allen,PIT,QB,1,0,0,0,0,0,0,0,0,0,0,0,0,0.0,0.0
471,19209,Patrick Ricard,BAL,FB,17,0,0,0,0,0,0,0,0,0,0,0,0,0.0,0.0
472,24351,Stetson Bennett,LAR,QB,1,0,0,0,0,0,0,0,0,0,0,0,0,0.0,0.0
473,23737,Tanner Conner,MIA,TE,8,0,0,0,0,0,0,0,0,0,0,0,0,0.0,0.0
474,21163,Deonte Harty,BAL,WR,5,0,0,0,0,0,0,0,0,0,0,0,0,0.0,0.0
475,23355,Teagan Quitoriano,HOU,TE,7,0,0,0,0,0,0,0,0,0,0,0,0,0.0,0.0
476,21865,Stephen Sullivan,CAR,TE,1,0,0,0,0,0,0,0,0,0,0,0,0,0.0,0.0
477,23135,Charlie Kolar,BAL,TE,13,0,0,0,0,0,0,0,0,0,0,0,0,0.0,0.0
478,24214,Keaton Mitchell,BAL,RB,5,0,0,0,0,0,0,0,0,0,0,0,0,0.0,0.0
479,22667,Zach Davidson,BUF,TE,3,0,0,0,0,0,0,0,0,0,0,0,0,0.0,0.0
480,21263,Trenton Irwin,CIN,WR,7,0,0,0,0,0,0,0,0,0,0,0,0,0.0,0.0
481,24122,Charlie Jones,CIN,WR,8,0,0,0,0,0,0,0,0,0,0,0,0,0.0,0.0
482,23996,Kendric Pryor,CIN,WR,2,0,0,0,0,0,0,0,0,0,0,0,0,0.0,0.0
483,23213,Kendall Milton,CIN,RB,2,0,0,0,0,0,0,0,0,0,0,0,0,0.0,0.0
484,24220,Tyler Scott,CHI,WR,11,0,0,0,0,0,0,0,0,0,0,0,0,0.0,0.0
485,21730,Collin Johnson,CHI,WR,9,0,0,0,0,0,0,0,0,0,0,0,0,0.0,0.0
486,23746,Deven Thompkins,CAR,WR,7,0,0,0,0,0,0,0,0,0,0,0,0,0.0,0.0
487,23481,Velus Jones Jr.,CAR,WR,3,0,0,0,0,0,0,0,0,0,0,0,0,0.0,0.0
488,24617,Princeton Fant,DAL,TE,8,0,0,0,0,0,0,0,0,0,0,0,0,0.0,0.0
489,21786,Adam Trautman,DEN,TE,17,0,0,0,0,0,0,0,0,0,0,0,0,0.0,0.0
490,23010,Brock Wright,DET,TE,17,0,0,0,0,0,0,0,0,0,0,0,0,0.0,0.0
491,21349,Ashton Dulin,IND,WR,15,0,0,0,0,0,0,0,0,0,0,0,0,0.0,0.0
492,25126,Anthony Gould,IND,WR,8,0,0,0,0,0,0,0,0,0,0,0,0,0.0,0.0
493,23614,John FitzPatrick,GB,TE,9,0,0,0,0,0,0,0,0,0,0,0,0,0.0,0.0
494,25452,British Brooks,HOU,RB,5,0,0,0,0,0,0,0,0,0,0,0,0,0.0,0.0
495,24986,Cade Stover,HOU,TE,15,0,0,0,0,0,0,0,0,0,0,0,0,0.0,0.0
496,20899,Josh Oliver,MIN,TE,15,0,0,0,0,0,0,0,0,0,0,0,0,0.0,0.0
497,24598,Jared Wayne,HOU,WR,3,0,0,0,0,0,0,0,0,0,0,0,0,0.0,0.0
498,19957,John Kelly,CLE,RB,2,0,0,0,0,0,0,0,0,0,0,0,0,0.0,0.0
499,15974,Jordan Matthews,CAR,TE,4,0,0,0,0,0,0,0,0,0,0,0,0,0.0,0.0
500,19172,Zach Pascal,ARI,WR,17,0,0,0,0,0,0,0,0,0,0,0,0,0.0,0.0
501,22506,Brevin Jordan,HOU,TE,2,0,0,0,0,0,0,0,0,0,0,0,0,0.0,0.0
502,22417,Kristian Wilkerson,LV,WR,3,0,0,0,0,0,0,0,0,0,0,0,0,0.0,0.0
503,24755,Elijah Cooks,JAX,WR,2,0,0,0,0,0,0,0,0,0,0,0,0,0.0,0.0
504,22672,Gary Brightwell,CLE,RB,2,0,0,0,0,0,0,0,0,0,0,0,0,0.0,0.0
505,22973,Austin Trammell,JAX,WR,1,0,0,0,0,0,0,0,0,0,0,0,0,0.0,0.0
506,25112,Jared Wiley,KC,TE,7,0,0,0,0,0,0,0,0,0,0,0,0,0.0,0.0
507,23604,Montrell Washington,KC,WR,1,0,0,0,0,0,0,0,0,0,0,0,0,0.0,0.0
508,22509,Hunter Long,LAR,TE,17,0,0,0,0,0,0,0,0,0,0,0,0,0.0,0.0
509,24021,Tucker Fisk,LAC,TE,9,0,0,0,0,0,0,0,0,0,0,0,0,0.0,0.0
510,23467,Jalen Cropper,DAL,WR,1,0,0,0,0,0,0,0,0,0,0,0,0,0.0,0.0
511,19816,DJ Chark,LAC,WR,7,0,0,0,0,0,0,0,0,0,0,0,0,0.0,0.0
512,23889,Thomas Odukoya,TEN,TE,3,0,0,0,0,0,0,0,0,0,0,0,0,0.0,0.0
513,24463,Julian Hill,MIA,TE,16,0,0,0,0,0,0,0,0,0,0,0,0,0.0,0.0
514,16917,C.J. Uzomah,PHI,TE,7,0,0,0,0,0,0,0,0,0,0,0,0,0.0,0.0
515,17005,Geoff Swaim,CLE,TE,8,0,0,0,0,0,0,0,0,0,0,0,0,0.0,0.0
516,19491,Robert Tonyan,MIN,TE,5,0,0,0,0,0,0,0,0,0,0,0,0,0.0,0.0
517,23765,Tyreik McAllister,LV,WR,3,0,0,0,0,0,0,0,0,0,0,0,0,0.0,0.0
518,25040,Javon Baker,NE,WR,11,0,0,0,0,0,0,0,0,0,0,0,0,0.0,0.0
519,17762,Chris Manhertz,NYG,TE,17,0,0,0,0,0,0,0,0,0,0,0,0,0.0,0.0
520,23415,Nikola Kalinic,LAR,TE,2,0,0,0,0,0,0,0,0,0,0,0,0,0.0,0.0
521,21294,Alex Bachman,LV,WR,6,0,0,0,0,0,0,0,0,0,0,0,0,0.0,0.0
522,21964,Cody White,SEA,WR,4,0,0,0,0,0,0,0,0,0,0,0,0,0.0,0.0
523,23487,Connor Heyward,PIT,TE,17,0,0,0,0,0,0,0,0,0,0,0,0,0.0,0.0
524,21782,Jonathan Ward,PIT,RB,4,0,0,0,0,0,0,0,0,0,0,0,0,0.0,0.0
525,18881,John Ross,PHI,WR,1,0,0,0,0,0,0,0,0,0,0,0,0,0.0,0.0
526,21776,Joshua Kelley,TEN,RB,4,0,0,0,0,0,0,0,0,0,0,0,0,0.0,0.0
527,24800,E.J. Jenkins,PHI,TE,8,0,0,0,0,0,0,0,0,0,0,0,0,0.0,0.0
528,22595,Ihmir Smith-Marsette,NYG,WR,15,0,0,0,0,0,0,0,0,0,0,0,0,0.0,0.0
529,23621,Nick Muse,MIN,TE,4,0,0,0,0,0,0,0,0,0,0,0,0,0.0,0.0
530,23084,Shane Zylstra,DET,TE,12,0,0,0,0,0,0,0,0,0,0,0,0,0.0,0.0
531,23763,Brandon Johnson,PIT,WR,3,0,0,0,0,0,0,0,0,0,0,0,0,0.0,0.0
532,22407,Tyler Mabry,SEA,TE,2,0,0,0,0,0,0,0,0,0,0,0,0,0.0,0.0
533,20398,Equanimeous St. Brown,NO,WR,2,0,0,0,0,0,0,0,0,0,0,0,0,0.0,0.0
534,23101,Parker Hesse,DET,TE,5,0,0,0,0,0,0,0,0,0,0,0,0,0.0,0.0
535,25674,Colson Yankoff,WAS,TE,6,0,0,0,0,0,0,0,0,0,0,0,0,0.0,0.0
536,25109,Sam Hartman,WAS,QB,1,0,0,0,0,0,0,0,0,0,0,0,0,0.0,0.0
537,23618,Ko Kieft,TB,TE,17,0,0,0,0,0,0,0,0,0,0,0,0,0.0,0.0
538,24981,Jacob Cowing,SF,WR,15,0,0,0,0,0,0,0,0,0,0,0,0,0.0,0.0
539,24718,Brady Russell,SEA,TE,11,0,0,0,0,0,0,0,0,0,0,0,0,0.0,0.0
540,24211,Zack Kuntz,NYJ,TE,1,0,0,0,0,0,0,0,0,0,0,0,0,0.0,0.0
541,25114,Austin Reed,CHI,QB,1,0,0,0,0,0,0,0,0,0,0,0,0,,0.0
542,21800,Mitchell Wilcox,NE,TE,2,0,0,0,0,0,0,0,0,0,0,0,0,0.0,0.0
543,25101,Brenden Rice,LAC,WR,3,0,0,0,0,0,0,0,0,0,0,0,0,0.0,0.0
544,24199,Bryce Ford-Wheaton,NYG,WR,14,0,0,0,0,0,0,0,0,0,0,0,0,0.0,0.0
545,3061,Marcedes Lewis,CHI,TE,17,0,0,0,0,0,0,0,0,0,0,0,0,0.0,0.0
546,24204,Evan Hull,IND,RB,1,0,0,0,0,0,0,0,0,0,0,0,0,0.0,0.0
547,24743,Xavier Smith,LAR,WR,15,0,0,0,0,0,0,0,0,0,0,0,0,0.0,0.0
548,23325,Erik Ezukanma,MIA,WR,2,0,0,0,0,0,0,0,0,0,0,0,0,0.0,0.0
549,19296,Anthony Firkser,KC,TE,7,0,0,0,0,0,0,0,0,0,0,0,0,0.0,0.0
550,17914,Laquon Treadwell,IND,WR,2,0,0,0,0,0,0,0,0,0,0,0,0,0.0,0.0
551,21556,Tom Kennedy,DET,WR,4,0,0,0,0,0,0,0,0,0,0,0,0,0.0,0.0
552,23211,MarShawn Lloyd,GB,RB,1,0,0,0,0,0,0,0,0,0,0,0,0,0.0,0.0
553,22614,Kadarius Toney,CLE,WR,3,0,0,0,0,0,0,0,0,0,0,0,0,0.0,0.0
554,24533,Ben Sims,GB,TE,17,0,0,0,0,0,0,0,0,0,0,0,0,0.0,0.0
555,21837,J.J. Taylor,HOU,RB,5,0,0,0,0,0,0,0,0,0,0,0,0,0.0,0.0
556,21227,Andrew Beck,HOU,FB,4,0,0,0,0,0,0,0,0,0,0,0,0,0.0,0.0
557,20949,Irv Smith Jr.,HOU,TE,5,0,0,0,0,0,0,0,0,0,0,0,0,0.0,0.0
558,25313,Joshua Cephus,JAX,WR,1,0,0,0,0,0,0,0,0,0,0,0,0,0.0,0.0
559,25120,Keilan Robinson,JAX,RB,6,0,0,0,0,0,0,0,0,0,0,0,0,0.0,0.0
560,21383,Jody Fortson,KC,TE,3,0,0,0,0,0,0,0,0,0,0,0,0,0.0,0.0
561,23168,Skyy Moore,KC,WR,6,0,0,0,0,0,0,0,0,0,0,0,0,0.0,0.0
562,25511,Jaylen Johnson,LAC,WR,1,0,0,0,0,0,0,0,0,0,0,0,0,0.0,0.0
563,24457,Scott Matlock,LAC,FB,17,0,0,0,0,0,0,0,0,0,0,0,0,0.0,0.0
564,22556,Jaret Patterson,LAC,RB,1,0,0,0,0,0,0,0,0,0,0,0,0,0.0,0.0
565,20038,Braxton Berrios,MIA,WR,6,0,0,0,0,0,0,0,0,0,0,0,0,0.0,0.0
566,18187,Robbie Chosen,MIA,WR,2,0,0,0,0,0,0,0,0,0,0,0,0,0.0,0.0
567,21725,Trishton Jackson,MIN,WR,2,0,0,0,0,0,0,0,0,0,0,0,0,0.0,0.0
568,25498,Ramel Keyton,LV,WR,8,0,0,0,0,0,0,0,0,0,0,0,0,0.0,0.0
569,21100,Jakob Johnson,NYG,FB,3,0,0,0,0,0,0,0,0,0,0,0,0,0.0,0.0
570,24221,Justin Shorter,LV,TE,10,0,0,0,0,0,0,0,0,0,0,0,0,0.0,0.0
571,25054,Dylan Laube,LV,RB,10,0,0,0,0,0,0,0,0,0,0,0,0,0.0,0.0
572,25049,Cody Schrader,LAR,RB,1,0,0,0,0,0,0,0,0,0,0,0,0,0.0,0.0
573,22596,Jaelon Darden,SEA,WR,12,0,0,0,0,0,0,0,0,0,0,0,0,0.0,0.0
574,23624,Dareke Young,SEA,WR,14,0,0,0,0,0,0,0,0,0,0,0,0,0.0,0.0
575,23196,George Holani,SEA,RB,5,0,0,0,0,0,0,0,0,0,0,0,0,0.0,0.0
576,21310,Khari Blasingame,PHI,FB,5,0,0,0,0,0,0,0,0,0,0,0,0,0.0,0.0
577,23962,Irvin Charles,NYJ,WR,13,0,0,0,0,0,0,0,0,0,0,0,0,0.0,0.0
578,22676,Kene Nwangwu,NYJ,RB,2,0,0,0,0,0,0,0,0,0,0,0,0,0.0,0.0
579,25051,Dante Miller,NYG,RB,2,0,0,0,0,0,0,0,0,0,0,0,0,0.0,0.0
580,25370,Jermaine Jackson,NO,WR,4,0,0,0,0,0,0,0,0,0,0,0,0,0.0,0.0
581,25123,Jack Westover,NE,TE,3,0,0,0,0,0,0,0,0,0,0,0,0,0.0,0.0
582,25104,Jaheim Bell,NE,TE,15,0,0,0,0,0,0,0,0,0,0,0,0,0.0,0.0
583,24331,Grant DuBose,MIA,WR,3,0,0,0,0,0,0,0,0,0,0,0,0,0.0,0.0
584,23004,Adam Prentice,NO,FB,17,0,0,0,0,0,0,0,0,0,0,0,0,0.0,0.0
585,24738,John Samuel Shenker,LV,TE,8,0,0,0,0,0,0,0,0,0,0,0,0,0.0,0.0
586,18123,Jeff Driskel,WAS,QB,2,0,0,0,0,0,0,0,0,0,0,0,0,0.0,0.0
587,18872,Dalvin Cook,DAL,RB,2,0,0,0,0,0,0,0,0,0,0,0,0,0.0,0.0
588,22661,Jack Stoll,MIA,TE,11,0,0,0,0,0,0,0,0,0,0,0,0,0.0,0.0
589,22591,Dez Fitzpatrick,LAC,WR,1,0,0,0,0,0,0,0,0,0,0,0,0,0.0,0.0
590,22560,Keaontay Ingram,KC,RB,1,0,0,0,0,0,0,0,0,0,0,0,0,0.0,0.0
591,23163,Justyn Ross,KC,WR,2,0,0,0,0,0,0,0,0,0,0,0,0,0.0,0.0
592,21760,Isaiah Hodgins,NYG,WR,3,0,0,0,0,0,0,0,0,0,0,0,0,0.0,0.0
593,22498,Feleipe Franks,CAR,TE,16,0,0,0,0,0,0,0,0,0,0,0,0,0.0,0.0
594,22415,Mason Kinsey,TEN,WR,6,0,0,0,0,0,0,0,0,0,0,0,0,0.0,0.0
595,21788,Ke'Shawn Vaughn,SF,RB,3,0,0,0,0,0,0,0,0,0,0,0,0,0.0,0.0
596,19035,Eric Saubert,SF,TE,17,0,0,0,0,0,0,0,0,0,0,0,0,0.0,0.0
597,19064,Trent Taylor,SF,WR,2,0,0,0,0,0,0,0,0,0,0,0,0,0.0,0.0
598,20963,Cody Thompson,TB,WR,1,0,0,0,0,0,0,0,0,0,0,0,0,0.0,0.0
599,21750,Marquez Callaway,TB,WR,2,0,0,0,0,0,0,0,0,0,0,0,0,0.0,0.0
600,25486,Brenden Bates,CLE,TE,7,0,0,0,0,0,0,0,0,0,0,0,0,0.0,0.0
601,20361,Ross Dwelley,ATL,TE,17,0,0,0,0,0,0,0,0,0,0,0,0,0.0,0.0
602,22925,Avery Williams,ATL,RB,17,0,0,0,0,0,0,0,0,0,0,0,0,0.0,0.0
603,25032,Xavier Weaver,ARI,WR,2,0,0,0,0,0,0,0,0,0,0,0,0,0.0,0.0
604,18030,Chris Moore,ARI,WR,5,0,0,0,0,0,0,0,0,0,0,0,0,0.0,0.0
605,21400,Steven Sims,BAL,WR,9,0,0,0,0,0,0,0,0,0,0,0,0,0.0,0.0
606,23642,Jalen Virgil,BUF,WR,7,0,0,0,0,0,0,0,0,0,0,0,0,0.0,0.0
607,21046,Jake Browning,CIN,QB,3,0,0,0,0,0,0,0,0,0,0,0,0,0.0,0.0
608,20990,Trayveon Williams,CIN,RB,16,0,0,0,0,0,0,0,0,0,0,0,0,0.0,0.0
609,21723,James Proche II,CLE,WR,9,0,0,0,0,0,0,0,0,0,0,0,0,0.0,0.0
610,25513,Cam Grandy,CIN,TE,8,0,0,0,0,0,0,0,0,0,0,0,0,0.0,0.0
611,21845,Darrynton Evans,CHI,RB,5,0,0,0,0,0,0,0,0,0,0,0,0,0.0,0.0
612,24354,Blake Whiteheart,CLE,TE,11,0,0,0,0,0,0,0,0,0,0,0,0,0.0,0.0
613,23917,Kaden Davis,CLE,WR,1,0,0,0,0,0,0,0,0,0,0,0,0,0.0,0.0
614,25065,Jacob Kibodi,CLE,RB,1,0,0,0,0,0,0,0,0,0,0,0,0,0.0,0.0
615,25047,Blake Watson,DEN,RB,2,0,0,0,0,0,0,0,0,0,0,0,0,0.0,0.0
616,25039,Roman Wilson,PIT,WR,1,0,0,0,0,0,0,0,0,0,0,0,0,0.0,0.0
617,24073,Maurice Alexander,DET,WR,3,0,0,0,0,0,0,0,0,0,0,0,0,0.0,0.0
618,24008,Troy Hairston,HOU,FB,2,0,0,0,0,0,0,0,0,0,0,0,0,0.0,0.0
619,23711,Rodney Williams,PIT,TE,6,0,0,0,0,0,0,0,0,0,0,0,0,0.0,0.0
620,25014,Tanner McLachlan,CIN,TE,2,0,0,0,0,0,0,0,0,0,0,0,0,0.0,0.0
621,22637,Brandon Smith,NYJ,WR,1,0,0,0,0,0,0,0,0,0,0,0,0,0.0,0.0
622,25647,David Martin-Robinson,TEN,TE,5,0,0,0,0,0,0,0,0,0,0,0,0,0.0,0.0
623,22627,Ronnie Bell,SF,WR,9,0,0,0,0,0,0,0,0,0,0,0,0,0.0,0.0
624,22524,James Mitchell,DET,TE,1,0,0,0,0,0,0,0,0,0,0,0,0,0.0,0.0
625,22494,Kyle Trask,TB,QB,4,0,0,0,-1,0,0,0,0,0,0,0,0,-0.0,-0.1
626,24168,Tyson Bagent,CHI,QB,4,0,0,0,-2,0,0,0,0,0,0,0,0,-0.1,-0.2
627,20768,Myles Gaskin,MIN,RB,5,0,0,0,-3,0,0,0,0,0,0,0,0,-0.1,-0.3
628,24121,Derius Davis,LAC,WR,15,0,0,0,-3,0,0,0,0,0,0,0,0,-0.0,-0.3
629,23231,Tyler Badie,DEN,RB,3,0,0,0,1,0,1,-3,0,0,0,0,0,-0.4,-1.2
630,23230,Dorian Thompson-Robinson,CLE,QB,7,118,0,4,16,0,0,0,0,0,0,0,0,-0.2,-1.7
631,22539,Zamir White,LV,RB,8,0,0,0,-2,0,0,0,0,0,0,0,0,-0.3,-2.2
632,24170,Clayton Tune,ARI,QB,6,1,0,0,-4,0,0,0,0,0,0,0,0,-0.4,-2.4
