rank,id,player,team,pos,gp,redzone_pass_yds,redzone_pass_td,redzone_pass_int,redzone_rush_yds,redzone_rush_td,redzone_rec,redzone_rec_yds,redzone_rec_td,redzone_fum_lost,redzone_fpts_ppr_per_gp,redzone_fpts_ppr
1,19781,Lamar Jackson,BAL,QB,17,419,33,2,72,3,0,0,0,0,10.1,172.0
2,19801,Josh Allen,BUF,QB,17,281,19,1,101,11,0,7,1,1,9.9,168.0
3,19790,Baker Mayfield,TB,QB,17,421,29,2,37,3,0,0,0,0,9.0,152.5
4,21831,Jalen Hurts,PHI,QB,15,228,12,3,126,14,0,0,0,1,9.7,145.7
5,21693,Joe Burrow,CIN,QB,17,478,30,0,14,1,0,0,0,2,8.4,142.5
6,25069,Bo Nix,DEN,QB,17,374,23,1,41,4,1,2,1,0,8.3,140.3
7,23235,Jayden Daniels,WAS,QB,17,292,19,1,105,6,0,0,0,0,8.1,138.2
8,23212,Kyren Williams,LAR,RB,16,0,0,0,199,14,7,38,2,1,7.8,124.7
9,23200,Jahmyr Gibbs,DET,RB,17,0,0,0,168,12,10,52,3,1,7.1,120.0
10,19812,Sam Darnold,MIN,QB,17,402,26,4,3,1,0,0,0,0,7.0,118.4
11,17922,Jared Goff,DET,QB,17,424,23,1,10,0,1,7,1,0,6.9,117.7
12,23241,Brock Purdy,SF,QB,15,337,17,1,51,5,0,0,0,0,7.6,114.6
13,18890,Patrick Mahomes,KC,QB,16,395,22,2,22,2,0,0,0,0,7.1,114.0
14,23189,Bijan Robinson,ATL,RB,17,0,0,0,151,13,7,46,1,0,6.6,112.7
15,17959,Derrick Henry,BAL,RB,17,0,0,0,158,13,4,25,2,0,6.6,112.3
16,20824,Josh Jacobs,GB,RB,17,0,0,0,153,14,3,14,1,1,6.3,107.7
17,21841,Jordan Love,GB,QB,15,362,20,2,28,1,0,0,0,0,7.0,105.3
18,23247,James Cook,BUF,RB,16,0,0,0,142,12,4,28,2,0,6.6,105.0
19,20889,Kyler Murray,ARI,QB,17,308,16,1,76,3,0,0,0,1,5.9,99.9
20,22587,Amon-Ra St. Brown,DET,WR,17,7,1,0,10,0,24,165,9,0,5.9,99.8
21,20882,David Montgomery,DET,RB,14,3,1,0,168,12,3,12,0,0,6.9,97.1
22,24179,De'Von Achane,MIA,RB,17,0,0,0,60,5,12,91,6,0,5.5,93.1
23,19803,Mark Andrews,BAL,TE,17,0,0,0,0,0,13,121,11,0,5.4,91.1
24,19766,Saquon Barkley,PHI,RB,16,0,0,0,212,6,8,70,2,0,5.6,90.2
25,22564,Ja'Marr Chase,CIN,WR,17,0,0,0,0,0,22,181,8,0,5.2,88.1
26,24374,Chase Brown,CIN,RB,16,0,0,0,101,6,9,51,4,0,5.4,86.2
27,18858,Joe Mixon,HOU,RB,14,0,0,0,145,10,3,20,1,0,6.1,85.5
28,2593,Aaron Rodgers,NYJ,QB,17,277,19,2,3,0,0,0,0,1,5.0,85.4
29,20873,Terry McLaurin,WAS,WR,17,0,0,0,0,0,13,112,10,0,5.0,84.2
30,23132,Bryce Young,CAR,QB,14,212,11,1,57,5,0,0,0,1,6.0,84.2
31,18983,James Conner,ARI,RB,16,0,0,0,162,8,5,23,1,0,5.1,81.5
32,19063,George Kittle,SF,TE,15,0,0,0,0,0,18,135,8,0,5.3,79.5
33,21691,Chuba Hubbard,CAR,RB,15,0,0,0,113,8,8,34,1,0,5.2,78.7
34,21677,Tua Tagovailoa,MIA,QB,11,268,16,1,9,0,0,0,0,0,7.1,77.6
35,21681,Justin Herbert,LAC,QB,17,191,12,0,37,2,0,0,0,1,4.4,75.3
36,24933,Brian Thomas Jr.,JAX,WR,17,0,0,0,0,0,11,104,8,0,4.3,73.4
37,24967,Bucky Irving,TB,RB,17,0,0,0,153,8,7,30,0,0,4.3,73.3
38,9038,Matthew Stafford,LAR,QB,16,250,16,1,10,0,0,0,0,0,4.6,73.0
39,23217,Rachaad White,TB,RB,16,0,0,0,48,3,11,78,5,0,4.5,71.6
40,23151,Drake London,ATL,WR,17,0,0,0,0,0,15,134,7,0,4.1,70.4
41,23239,C.J. Stroud,HOU,QB,17,224,16,0,13,0,0,0,0,2,4.1,70.3
42,24927,Caleb Williams,CHI,QB,17,249,13,0,43,0,0,0,0,1,4.1,70.3
43,19800,Courtland Sutton,DEN,WR,17,2,1,0,0,0,13,125,7,1,4.1,69.6
44,23162,Jordan Addison,MIN,WR,15,0,0,0,7,1,16,96,6,0,4.6,68.3
45,14856,Zach Ertz,WAS,TE,17,0,0,0,0,0,13,92,7,0,4.0,68.2
46,22546,Rhamondre Stevenson,NE,RB,15,0,0,0,97,6,9,33,1,0,4.5,68.0
47,18990,Jonnu Smith,MIA,TE,17,0,0,0,0,0,15,90,7,0,3.9,66.0
48,21690,Tee Higgins,CIN,WR,12,0,0,0,0,0,14,95,7,0,5.5,65.5
49,14895,Geno Smith,SEA,QB,17,265,14,5,26,1,0,0,0,0,3.8,65.2
50,22490,Trevor Lawrence,JAX,QB,10,132,9,1,11,3,0,0,0,0,6.4,64.4
51,21682,Jonathan Taylor,IND,RB,14,0,0,0,122,7,2,11,1,0,4.5,63.3
52,21685,Justin Jefferson,MIN,WR,17,0,0,0,0,0,15,118,6,0,3.7,62.8
53,14536,Russell Wilson,PIT,QB,11,209,11,2,16,2,0,0,0,0,5.6,62.0
54,19045,Aaron Jones,MIN,RB,17,0,0,0,87,4,14,71,2,2,3.6,61.8
55,22507,Pat Freiermuth,PIT,TE,17,0,0,0,0,0,13,127,6,0,3.6,61.7
56,18944,Kareem Hunt,KC,RB,13,0,0,0,99,7,7,22,0,0,4.7,61.1
57,24118,Tucker Kraft,GB,TE,17,0,0,0,0,0,11,103,6,0,3.5,59.3
58,22526,Breece Hall,NYJ,RB,16,0,0,0,66,5,7,40,1,0,3.6,57.6
59,21674,J.K. Dobbins,LAC,RB,13,0,0,0,82,7,5,18,0,0,4.4,57.0
60,24958,Drake Maye,NE,QB,13,139,9,2,34,2,0,0,0,0,4.4,57.0
61,16470,Davante Adams,NYJ,WR,14,0,0,0,0,0,12,64,6,0,4.0,56.4
62,22597,Jalen Tolbert,DAL,WR,17,0,0,0,0,0,8,58,7,0,3.3,55.8
63,22492,Justin Fields,PIT,QB,10,116,4,0,50,5,0,0,0,0,5.6,55.6
64,23190,Brian Robinson Jr.,WAS,RB,14,0,0,0,120,7,2,7,0,1,3.9,54.7
65,16597,Mike Evans,TB,WR,14,0,0,0,0,0,8,32,7,0,3.8,53.2
66,24117,Anthony Richardson Sr.,IND,QB,11,49,4,2,90,5,0,0,0,1,4.8,53.0
67,23214,Kenneth Walker III,SEA,RB,11,0,0,0,41,5,8,43,1,0,4.8,52.4
68,18878,Alvin Kamara,NO,RB,14,0,0,0,109,6,3,14,0,0,3.7,51.3
69,21768,Najee Harris,PIT,RB,17,0,0,0,137,5,4,33,0,0,3.0,51.0
70,22623,Rashod Bateman,BAL,WR,17,0,0,0,0,0,7,78,6,0,3.0,50.8
71,23141,Sam LaPorta,DET,TE,16,0,0,0,0,0,12,87,5,0,3.2,50.7
72,24924,Xavier Worthy,KC,WR,17,0,0,0,19,1,11,77,4,0,3.0,50.6
73,23193,Tank Bigsby,JAX,RB,16,0,0,0,132,6,0,0,0,0,3.1,49.2
74,21734,Nick Westbrook-Ikhine,TEN,WR,17,0,0,0,0,0,7,51,6,0,2.8,48.1
75,15048,Travis Kelce,KC,TE,16,0,0,0,1,0,19,106,3,0,3.0,47.7
76,24119,Andrei Iosivas,CIN,WR,17,0,0,0,0,0,7,31,6,0,2.7,46.1
77,23233,Jayden Reed,GB,WR,17,0,0,0,1,0,9,68,5,0,2.7,45.9
78,16311,Derek Carr,NO,QB,10,144,8,0,1,1,0,0,0,0,4.6,45.9
79,23157,Jaxon Smith-Njigba,SEA,WR,17,0,0,0,0,0,8,78,5,0,2.7,45.8
80,23122,Garrett Wilson,NYJ,WR,17,0,0,0,0,0,12,73,4,0,2.7,45.3
81,24172,Puka Nacua,LAR,WR,11,0,0,0,25,1,10,85,3,0,4.1,45.0
82,14252,Kirk Cousins,ATL,QB,14,181,10,1,-4,0,0,0,0,0,3.2,44.8
83,18082,Tyreek Hill,MIA,WR,17,0,0,0,0,0,9,57,5,0,2.6,44.7
84,21679,CeeDee Lamb,DAL,WR,15,0,0,0,3,0,11,92,4,1,3.0,44.5
85,25097,Ladd McConkey,LAC,WR,16,0,0,0,0,0,7,54,5,0,2.8,44.4
86,21717,Jauan Jennings,SF,WR,15,0,0,0,0,0,8,63,5,0,3.0,44.3
87,23253,Dontayvion Wicks,GB,WR,17,0,0,0,0,0,11,89,4,0,2.6,43.9
88,23173,Zach Charbonnet,SEA,RB,17,0,0,0,55,6,1,12,0,0,2.6,43.7
89,23256,Isaiah Likely,BAL,TE,16,0,0,0,0,0,8,56,5,0,2.7,43.6
90,19850,Mason Rudolph,TEN,QB,8,113,8,2,19,1,0,0,0,0,5.3,42.4
91,611,Joe Flacco,IND,QB,8,148,9,0,3,0,0,0,0,0,5.3,42.2
92,24980,Ray Davis,BUF,RB,17,0,0,0,95,3,2,7,2,0,2.5,42.2
93,16815,Ameer Abdullah,LV,RB,16,0,0,0,51,2,6,30,3,1,2.6,42.1
94,24974,Marvin Harrison Jr.,ARI,WR,17,0,0,0,0,0,6,56,5,0,2.4,41.6
95,24372,Roschon Johnson,CHI,RB,14,0,0,0,27,6,1,10,0,0,2.9,40.7
96,19461,Cooper Rush,DAL,QB,12,110,10,2,3,0,0,0,0,1,3.4,40.7
97,15076,Keenan Allen,CHI,WR,15,0,0,0,0,0,6,44,5,0,2.7,40.4
98,24123,Tyjae Spears,TEN,RB,12,0,0,0,34,4,3,37,1,0,3.3,40.1
99,21785,Noah Gray,KC,TE,17,0,0,0,0,0,9,63,4,0,2.3,39.3
100,21756,Nico Collins,HOU,WR,12,0,0,0,0,0,7,21,5,0,3.3,39.1
101,16762,Jameis Winston,CLE,QB,12,98,6,2,8,1,0,0,0,0,3.2,38.7
102,25098,Jalen McMillan,TB,WR,13,0,0,0,6,0,7,65,4,0,2.9,38.1
103,14986,DeAndre Hopkins,KC,WR,16,0,0,0,0,0,5,29,5,0,2.4,37.9
104,23134,Cade Otton,TB,TE,14,0,0,0,0,0,10,58,4,1,2.7,37.8
105,18876,David Njoku,CLE,TE,11,0,0,0,0,0,5,44,4,0,3.4,37.4
106,23251,Trey McBride,ARI,TE,16,0,0,0,2,1,11,79,2,0,2.3,37.1
107,24226,Quentin Johnston,LAC,WR,15,0,0,0,0,0,7,61,4,0,2.5,37.1
108,18047,Demarcus Robinson,LAR,WR,17,0,0,0,0,0,5,17,5,0,2.2,36.7
109,19844,DJ Moore,CHI,WR,17,0,0,0,0,0,13,95,2,0,2.1,36.5
110,20912,Tony Pollard,TEN,RB,16,0,0,0,107,3,3,28,0,0,2.3,36.5
111,23167,Romeo Doubs,GB,WR,13,0,0,0,0,0,8,82,3,0,2.8,36.2
112,21042,A.J. Brown,PHI,WR,13,0,0,0,0,0,7,51,4,0,2.8,36.1
113,21688,Cam Akers,MIN,RB,17,0,0,0,25,2,3,20,3,1,2.1,35.5
114,21952,Rico Dowdle,DAL,RB,16,0,0,0,69,2,5,15,2,1,2.2,35.4
115,20145,Allen Lazard,NYJ,WR,12,0,0,0,0,0,6,51,4,0,2.9,35.1
116,16906,Stefon Diggs,HOU,WR,8,0,0,0,6,1,6,45,3,0,4.4,35.1
117,20876,Jakobi Meyers,LV,WR,15,0,0,0,0,0,8,71,3,0,2.3,35.1
118,23170,Wan'Dale Robinson,NYG,WR,17,0,0,0,0,0,11,61,3,0,2.1,35.1
119,25106,AJ Barner,SEA,TE,17,0,0,0,0,0,6,49,4,0,2.1,34.9
120,20932,Deebo Samuel Sr.,SF,WR,15,0,0,0,18,1,10,50,2,0,2.3,34.8
121,19988,Tyler Conklin,NYJ,TE,16,0,0,0,0,0,6,27,4,0,2.2,34.7
122,20884,Foster Moreau,NO,TE,17,0,0,0,0,0,6,43,4,0,2.0,34.3
123,18882,Cooper Kupp,LAR,WR,12,0,0,0,1,0,6,41,4,0,2.9,34.2
124,20841,Daniel Jones,NYG,QB,10,84,6,4,48,2,0,0,0,1,3.4,34.2
125,18055,Dak Prescott,DAL,QB,8,133,7,2,4,1,0,0,0,1,4.2,33.7
126,25003,Xavier Legette,CAR,WR,16,0,0,0,0,0,6,36,4,0,2.1,33.6
127,22496,Mac Jones,JAX,QB,10,131,5,0,1,1,0,0,0,0,3.3,33.3
128,22558,Javonte Williams,DEN,RB,17,0,0,0,70,4,1,11,0,0,1.9,33.1
129,25092,Tyrone Tracy Jr.,NYG,RB,17,0,0,0,52,3,4,15,1,1,1.9,32.7
130,20868,Alexander Mattison,LV,RB,14,0,0,0,40,4,2,3,0,0,2.3,32.3
131,19023,Mack Hollins,BUF,WR,17,0,0,0,0,0,5,28,4,0,1.9,31.8
132,21772,Cole Kmet,CHI,TE,17,0,0,0,0,0,8,31,3,0,1.8,31.1
133,23232,Alec Pierce,IND,WR,16,0,0,0,0,0,4,30,4,0,1.9,31.0
134,23364,Jordan Mason,SF,RB,12,0,0,0,107,3,2,20,0,1,2.6,30.7
135,24177,Tre Tucker,LV,WR,17,0,0,0,21,1,5,54,2,0,1.8,30.5
136,20837,Ty Johnson,BUF,RB,17,0,0,0,30,1,5,45,2,0,1.8,30.5
137,24977,Rome Odunze,CHI,WR,17,0,0,0,0,0,7,53,3,0,1.8,30.3
138,23153,George Pickens,PIT,WR,14,0,0,0,0,0,7,72,3,1,2.2,30.2
139,20880,Gardner Minshew,LV,QB,10,123,6,1,10,0,0,0,0,0,3.0,29.9
140,20239,Gus Edwards,LAC,RB,11,0,0,0,59,4,0,0,0,0,2.7,29.9
141,23368,Jalen Nailor,MIN,WR,17,0,0,0,-7,0,4,26,4,0,1.8,29.9
142,21687,DeVonta Smith,PHI,WR,13,0,0,0,1,0,8,38,3,0,2.3,29.9
143,19207,Tim Patrick,DET,WR,16,0,0,0,0,0,6,37,3,0,1.9,29.7
144,18880,Chris Godwin,TB,WR,7,0,0,0,0,0,7,47,3,0,4.2,29.7
145,19120,David Moore,CAR,WR,17,0,0,0,0,0,6,56,3,0,1.7,29.6
146,23270,Will Levis,TEN,QB,12,107,6,0,13,0,0,0,0,1,2.5,29.6
147,21744,Michael Pittman Jr.,IND,WR,16,0,0,0,0,0,7,43,3,0,1.8,29.3
148,24350,Aidan O'Connell,LV,QB,9,123,5,1,2,1,0,0,0,0,3.2,29.1
149,24953,Malik Nabers,NYG,WR,15,0,0,0,-2,0,6,33,3,0,1.9,29.1
150,25063,Isaac Guerendo,SF,RB,16,0,0,0,49,4,0,0,0,0,1.8,28.9
151,19798,Nick Chubb,CLE,RB,8,0,0,0,34,3,1,5,1,0,3.6,28.9
152,19562,Austin Ekeler,WAS,RB,12,0,0,0,80,3,2,7,0,0,2.4,28.7
153,25198,Devaughn Vele,DEN,WR,13,0,0,0,0,0,6,45,3,0,2.2,28.5
154,24173,Michael Wilson,ARI,WR,16,0,0,0,0,0,6,45,3,0,1.8,28.5
155,19238,Taysom Hill,NO,QB,8,0,0,0,38,4,2,7,0,1,3.6,28.5
156,18857,Deshaun Watson,CLE,QB,7,74,4,0,15,1,0,0,0,0,4.1,28.5
157,17975,Hunter Henry,NE,TE,16,0,0,0,0,0,10,62,2,0,1.8,28.2
158,21738,Juwan Johnson,NO,TE,17,0,0,0,0,0,5,42,3,0,1.6,27.2
159,20941,Devin Singletary,NYG,RB,15,0,0,0,31,4,0,0,0,0,1.8,27.1
160,19065,Jeremy McNichols,WAS,RB,17,0,0,0,39,3,2,11,0,0,1.6,27.0
161,21684,D'Andre Swift,CHI,RB,17,0,0,0,63,3,0,0,0,0,1.5,26.3
162,23227,Khalil Shakir,BUF,WR,15,0,0,0,0,0,9,53,2,0,1.8,26.3
163,21071,Greg Dortch,ARI,WR,17,0,0,0,10,0,8,52,2,0,1.5,26.2
164,23250,Tyler Allgeier,ATL,RB,17,0,0,0,49,3,1,3,0,0,1.5,26.2
165,24311,Jaleel McLaughlin,DEN,RB,16,0,0,0,40,1,3,11,2,0,1.6,26.1
166,23120,Zay Flowers,BAL,WR,17,0,0,0,-1,0,4,39,3,0,1.5,25.8
167,21810,Tyler Huntley,MIA,QB,5,45,3,1,19,2,0,0,0,0,5.1,25.7
168,24686,Nate Adkins,DEN,TE,17,0,0,0,0,0,4,35,3,0,1.5,25.5
169,20802,Justice Hill,BAL,RB,15,0,0,0,9,0,6,62,2,0,1.7,25.1
170,20859,Drew Lock,NYG,QB,8,43,2,0,13,2,0,0,0,0,3.1,25.0
171,21784,Zack Moss,CIN,RB,8,0,0,0,43,2,2,5,1,0,3.1,24.8
172,24934,Braelon Allen,NYJ,RB,17,0,0,0,45,2,1,12,1,0,1.5,24.7
173,16763,Marcus Mariota,WAS,QB,3,60,4,0,1,1,0,0,0,0,8.2,24.5
174,18019,Nick Vannett,TEN,TE,17,0,0,0,0,0,4,17,3,0,1.4,23.7
175,24309,Emanuel Wilson,GB,RB,17,0,0,0,32,3,2,3,0,0,1.4,23.5
176,24145,Josh Downs,IND,WR,14,0,0,0,0,0,7,44,2,0,1.7,23.4
177,21142,Olamide Zaccheaus,WAS,WR,17,0,0,0,0,0,7,43,2,0,1.4,23.3
178,20899,Josh Oliver,MIN,TE,15,0,0,0,0,0,3,21,3,0,1.5,23.1
179,12841,Andy Dalton,CAR,QB,6,73,5,0,0,0,0,0,0,0,3.8,22.9
180,15534,Adam Thielen,CAR,WR,10,0,0,0,0,0,6,49,2,0,2.3,22.9
181,23234,Jameson Williams,DET,WR,15,0,0,0,3,1,6,39,1,0,1.5,22.2
182,24176,Tank Dell,HOU,WR,14,0,0,0,4,0,5,45,2,0,1.6,21.9
183,22562,Kenneth Gainwell,PHI,RB,17,0,0,0,93,1,3,35,0,0,1.3,21.8
184,24982,Ricky Pearsall,SF,WR,11,0,0,0,4,0,6,31,2,0,2.0,21.5
185,19863,Dallas Goedert,PHI,TE,10,0,0,0,0,0,5,43,2,0,2.1,21.3
186,22598,Jaylen Waddle,MIA,WR,15,0,0,0,2,0,6,50,1,0,1.4,21.2
187,24102,Dalton Kincaid,BUF,TE,13,0,0,0,0,0,5,40,2,0,1.6,21.0
188,24964,Keon Coleman,BUF,WR,13,0,0,0,0,0,4,29,2,0,1.6,20.9
189,21786,Adam Trautman,DEN,TE,17,0,0,0,0,0,4,47,2,0,1.2,20.7
190,19802,Calvin Ridley,TEN,WR,17,0,0,0,20,1,4,23,1,0,1.2,20.3
191,23165,Marvin Mims Jr.,DEN,WR,17,0,0,0,0,0,5,29,2,0,1.2,19.9
192,24973,Troy Franklin,DEN,WR,16,0,0,0,0,0,5,28,2,0,1.2,19.8
193,22508,Kyle Pitts Sr.,ATL,TE,17,0,0,0,0,0,4,38,2,0,1.2,19.8
194,21739,Van Jefferson,PIT,WR,17,0,0,0,0,0,5,27,2,0,1.2,19.7
195,17923,Ezekiel Elliott,DAL,RB,15,0,0,0,18,3,1,9,0,1,1.3,19.7
196,18883,JuJu Smith-Schuster,KC,WR,14,0,0,0,0,0,4,34,2,0,1.4,19.4
197,17963,Austin Hooper,NE,TE,17,0,0,0,0,0,4,32,2,0,1.1,19.2
198,19922,Justin Watson,KC,WR,17,0,0,0,0,0,4,29,2,0,1.1,18.9
199,16765,Amari Cooper,BUF,WR,14,0,0,0,0,0,4,28,2,0,1.3,18.8
200,20933,Miles Sanders,CAR,RB,11,0,0,0,20,2,3,17,0,0,1.7,18.7
201,21696,Travis Etienne Jr.,JAX,RB,15,0,0,0,47,2,3,10,0,1,1.2,18.7
202,24143,Parker Washington,JAX,WR,17,0,0,0,0,1,3,16,1,0,1.1,18.6
203,19025,Joshua Dobbs,SF,QB,2,28,1,0,14,2,0,0,0,0,9.3,18.5
204,24943,Brock Bowers,LV,TE,17,0,0,0,0,0,7,50,1,0,1.1,18.0
205,25064,Isaiah Davis,NYJ,RB,17,0,0,0,20,1,2,19,1,0,1.1,17.9
206,19903,Jordan Akins,CLE,TE,17,0,0,0,0,0,3,28,2,0,1.0,17.8
207,21801,Trey Sermon,IND,RB,17,0,0,0,35,2,2,3,0,0,1.0,17.8
208,24449,Elijah Higgins,ARI,TE,17,0,0,0,0,0,3,27,2,0,1.0,17.7
209,16866,Jamison Crowder,WAS,WR,6,0,0,0,0,0,3,22,2,0,2.9,17.2
210,22662,Tommy Tremble,CAR,TE,12,0,0,0,0,0,3,20,2,0,1.4,17.0
211,21077,Diontae Johnson,HOU,WR,12,0,0,0,0,0,3,18,2,0,1.4,16.8
212,22644,DJ Turner,LV,WR,12,0,0,0,27,1,1,11,1,0,1.4,16.8
213,23341,Tyler Goodson,IND,RB,16,0,0,0,12,1,2,15,1,0,1.0,16.7
214,19920,Dalton Schultz,HOU,TE,17,0,0,0,0,0,6,47,1,0,1.0,16.7
215,19165,Johnny Mundt,MIN,TE,17,0,0,0,0,0,3,13,2,0,1.0,16.3
216,12831,Tyrod Taylor,NYJ,QB,2,36,3,0,7,0,0,0,0,0,8.1,16.1
217,21692,Jerry Jeudy,CLE,WR,17,0,0,0,0,0,4,21,1,0,0.9,16.1
218,23237,Chris Rodriguez Jr.,WAS,RB,9,0,0,0,40,2,0,0,0,0,1.8,16.0
219,23205,Jerome Ford,CLE,RB,14,0,0,0,25,2,1,3,0,0,1.1,15.8
220,23242,Michael Penix Jr.,ATL,QB,5,82,2,1,5,1,0,0,0,0,3.2,15.8
221,23118,Malik Willis,GB,QB,7,22,2,0,9,1,0,0,0,0,2.3,15.8
222,16781,Nelson Agholor,BAL,WR,14,0,0,0,0,0,2,17,2,0,1.1,15.7
223,18032,Tyler Higbee,LAR,TE,3,0,0,0,0,0,2,17,2,0,5.2,15.7
224,18912,Evan Engram,JAX,TE,9,0,0,0,0,0,4,37,1,0,1.7,15.7
225,22565,Chris Olave,NO,WR,8,0,0,0,0,0,4,55,1,0,1.9,15.5
226,24471,Ryan Miller,TB,WR,11,0,0,0,0,0,2,14,2,0,1.4,15.4
227,24971,Audric Estime,DEN,RB,13,0,0,0,33,2,0,0,0,0,1.2,15.3
228,17217,Raheem Mostert,MIA,RB,13,0,0,0,19,2,1,2,0,0,1.2,15.1
229,24151,Payne Durham,TB,TE,16,0,0,0,0,0,2,11,2,0,0.9,15.1
230,24223,Brenton Strange,JAX,TE,17,0,0,0,0,0,2,10,2,0,0.9,15.0
231,24952,Ja'Lynn Polk,NE,WR,15,0,0,0,0,0,2,7,2,0,1.0,14.7
232,24362,Malik Heath,GB,WR,13,0,0,0,0,0,2,6,2,0,1.1,14.6
233,21735,Gabe Davis,JAX,WR,10,0,0,0,0,0,4,45,1,0,1.4,14.5
234,20788,Mecole Hardman,KC,WR,12,0,0,0,33,1,4,11,0,0,1.2,14.4
235,19853,Mike Gesicki,CIN,TE,17,0,0,0,0,0,5,33,1,0,0.8,14.3
236,17961,Sterling Shepard,TB,WR,14,0,0,0,3,0,3,29,1,0,1.0,14.2
237,18993,Samaje Perine,KC,RB,17,0,0,0,5,1,1,7,1,0,0.8,14.2
238,16928,Michael Burton,DEN,FB,17,0,0,0,3,1,2,-1,1,0,0.8,14.2
239,16568,Brandin Cooks,DAL,WR,10,0,0,0,-3,0,2,5,2,0,1.4,14.2
240,23273,Hassan Haskins,LAC,RB,17,0,0,0,21,2,0,0,0,0,0.8,14.1
241,19961,Ray-Ray McCloud III,ATL,WR,17,0,0,0,14,0,4,26,1,0,0.8,14.0
242,21861,Antonio Gibson,NE,RB,17,0,0,0,41,1,2,19,0,0,0.8,14.0
243,23160,John Metchie III,HOU,WR,13,0,0,0,0,0,5,29,1,0,1.1,13.9
244,24124,Tanner McKee,PHI,QB,2,46,3,0,0,0,0,0,0,0,6.9,13.8
245,23186,Spencer Rattler,NO,QB,7,41,3,0,0,0,0,0,0,0,1.9,13.6
246,24194,Sean Tucker,TB,RB,17,0,0,0,16,2,0,0,0,0,0.8,13.6
247,14901,Kyle Juszczyk,SF,FB,17,0,0,0,6,1,2,6,1,1,0.8,13.2
248,23479,Jaylen Warren,PIT,RB,15,0,0,0,41,1,3,16,0,1,0.8,12.7
249,21675,Tyler Johnson,LAR,WR,15,0,0,0,0,0,4,25,1,0,0.8,12.5
250,23395,Christian Watson,GB,WR,15,0,0,0,14,0,2,11,1,0,0.8,12.5
251,25122,Jalen Coker,CAR,WR,11,0,0,0,0,0,3,33,1,0,1.1,12.3
252,24068,KaVontae Turpin,DAL,WR,17,0,0,0,0,0,3,31,1,0,0.7,12.1
253,20875,DK Metcalf,SEA,WR,15,0,0,0,0,0,3,31,1,0,0.8,12.1
254,24375,Josh Whyle,TEN,TE,17,0,0,0,0,0,2,20,1,0,0.7,12.0
255,18928,Curtis Samuel,BUF,WR,14,0,0,0,0,0,3,28,1,0,0.8,11.8
256,23010,Brock Wright,DET,TE,17,0,0,0,0,0,4,18,1,0,0.7,11.8
257,24348,Cedric Tillman,CLE,WR,11,0,0,0,0,0,2,17,1,0,1.1,11.7
258,24947,Ja'Tavion Sanders,CAR,TE,16,0,0,0,0,0,4,15,1,0,0.7,11.5
259,24217,Trey Palmer,TB,WR,15,0,0,0,0,0,2,34,1,0,0.8,11.4
260,24986,Cade Stover,HOU,TE,15,0,0,0,0,0,3,24,1,0,0.8,11.4
261,23192,Chris Brooks,GB,RB,15,0,0,0,33,1,2,1,0,0,0.8,11.4
262,24180,DeMario Douglas,NE,WR,17,0,0,0,0,0,4,14,1,0,0.7,11.4
263,24121,Derius Davis,LAC,WR,15,0,0,0,7,0,2,27,1,0,0.8,11.4
264,18018,Jacoby Brissett,NE,QB,8,79,2,0,-1,0,0,0,0,1,1.4,11.1
265,23489,Chig Okonkwo,TEN,TE,17,0,0,0,0,0,3,20,1,1,0.6,11.0
266,20506,Tanner Hudson,CIN,TE,11,0,0,0,0,0,4,30,1,1,1.0,11.0
267,22501,Kenny Pickett,PHI,QB,5,15,1,0,1,1,0,0,0,0,2.1,10.7
268,19950,Will Dissly,LAC,TE,15,0,0,0,0,0,4,7,1,0,0.7,10.7
269,21807,Colby Parkinson,LAR,TE,17,0,0,0,0,0,2,26,1,0,0.6,10.6
270,21823,Patrick Taylor Jr.,SF,RB,13,0,0,0,46,1,0,0,0,0,0.8,10.6
271,18900,Mo Alie-Cox,IND,TE,17,0,0,0,0,0,2,24,1,0,0.6,10.4
272,23371,Isiah Pacheco,KC,RB,7,0,0,0,32,1,1,1,0,0,1.5,10.3
273,20753,Noah Fant,SEA,TE,14,0,0,0,0,0,2,23,1,0,0.7,10.3
274,25103,Malik Washington,MIA,WR,14,0,0,0,18,1,2,4,0,0,0.7,10.2
275,22553,Michael Carter,ARI,RB,3,0,0,0,13,1,2,7,0,0,3.3,10.0
276,22417,Kristian Wilkerson,LV,WR,3,0,0,0,0,0,2,18,1,0,3.3,9.8
277,19815,Christian Kirk,JAX,WR,8,0,0,0,0,0,2,18,1,0,1.2,9.8
278,19209,Patrick Ricard,BAL,FB,17,0,0,0,0,0,2,17,1,0,0.6,9.7
279,23608,Drew Ogletree,IND,TE,17,0,0,0,0,0,2,17,1,0,0.6,9.7
280,22563,Khalil Herbert,CIN,RB,14,0,0,0,12,1,2,4,0,0,0.7,9.6
281,21961,Darnell Mooney,ATL,WR,16,0,0,0,0,0,2,16,1,0,0.6,9.6
282,19854,Dante Pettis,NO,WR,8,0,0,0,0,0,1,5,1,0,1.2,9.5
283,23486,Grant Calcaterra,PHI,TE,17,0,0,0,0,0,2,15,1,0,0.6,9.5
284,16830,Tyler Lockett,SEA,WR,17,0,0,0,0,0,2,15,1,0,0.6,9.5
285,24339,Jake Bobo,SEA,WR,17,0,0,0,0,0,2,14,1,0,0.6,9.4
286,15150,Cordarrelle Patterson,PIT,RB,13,0,0,0,-2,0,2,16,1,0,0.7,9.4
287,19017,Josh Reynolds,JAX,WR,9,0,0,0,0,0,2,14,1,0,1.0,9.4
288,18995,Jamaal Williams,NO,RB,14,0,0,0,32,1,0,0,0,0,0.7,9.2
289,24120,Rashee Rice,KC,WR,4,0,0,0,0,0,2,10,1,0,2.2,9.0
290,19626,Dare Ogunbowale,HOU,RB,17,0,0,0,3,0,2,7,1,0,0.5,9.0
291,19035,Eric Saubert,SF,TE,17,0,0,0,0,0,3,-1,1,0,0.5,8.9
292,18422,Kalif Raymond,DET,WR,12,0,0,0,0,0,2,8,1,0,0.7,8.8
293,24354,Blake Whiteheart,CLE,TE,11,0,0,0,0,0,2,8,1,0,0.8,8.8
294,24397,Jalen Brooks,DAL,WR,14,0,0,0,0,0,1,17,1,0,0.6,8.7
295,23140,Michael Mayer,LV,TE,11,0,0,0,0,0,5,37,0,0,0.8,8.7
296,16041,Jimmy Garoppolo,LAR,QB,1,17,2,0,0,0,0,0,0,0,8.7,8.7
297,23487,Connor Heyward,PIT,TE,17,0,0,0,0,0,1,16,1,0,0.5,8.6
298,21765,JaMycal Hasty,NE,RB,15,0,0,0,0,0,1,16,1,0,0.6,8.6
299,23144,Ainias Smith,PHI,WR,7,0,0,0,0,0,1,15,1,0,1.2,8.5
300,20013,Cedrick Wilson Jr.,NO,WR,15,0,0,0,0,0,1,12,1,0,0.5,8.2
301,20850,Dawson Knox,BUF,TE,16,0,0,0,0,0,1,12,1,0,0.5,8.2
302,19976,Marquez Valdes-Scantling,NO,WR,14,0,0,0,0,0,2,1,1,0,0.6,8.1
303,22514,Kenny Yeboah,NYJ,TE,9,0,0,0,0,0,1,11,1,0,0.9,8.1
304,22613,Joshua Palmer,LAC,WR,15,0,0,0,0,0,3,11,0,0,0.5,8.1
305,20931,Drew Sample,CIN,TE,17,0,0,0,-4,0,2,4,1,0,0.5,8.0
306,25133,Bub Means,NO,WR,7,0,0,0,0,0,1,10,1,0,1.1,8.0
307,20081,Trent Sherfield Sr.,MIN,WR,17,0,0,0,0,0,1,10,1,0,0.5,8.0
308,19318,Kendrick Bourne,NE,WR,12,0,0,0,0,0,1,9,1,0,0.7,7.9
309,24800,E.J. Jenkins,PHI,TE,8,0,0,0,0,0,1,7,1,0,1.0,7.7
310,19816,DJ Chark,LAC,WR,7,0,0,0,0,0,1,6,1,0,1.1,7.6
311,22539,Zamir White,LV,RB,8,0,0,0,16,1,0,0,0,0,0.9,7.6
312,24325,Johnny Wilson,PHI,WR,16,0,0,0,0,0,1,5,1,0,0.5,7.5
313,23136,Darnell Washington,PIT,TE,17,0,0,0,0,0,1,5,1,0,0.4,7.5
314,21804,DeeJay Dallas,ARI,RB,17,0,0,0,3,0,1,1,1,0,0.4,7.4
315,24985,Ben Sinnott,WAS,TE,17,0,0,0,0,0,1,3,1,0,0.4,7.3
316,17762,Chris Manhertz,NYG,TE,17,0,0,0,0,0,1,2,1,0,0.4,7.2
317,22511,Quintin Morris,BUF,TE,16,0,0,0,0,0,1,2,1,0,0.5,7.2
318,23135,Charlie Kolar,BAL,TE,13,0,0,0,0,0,1,2,1,0,0.6,7.2
319,16903,MyCole Pruitt,PIT,TE,12,0,0,0,0,0,1,1,1,0,0.6,7.1
320,24472,Xavier Gipson,NYJ,WR,17,0,0,0,0,0,1,1,1,0,0.4,7.1
321,21005,Parris Campbell,PHI,WR,5,0,0,0,0,0,1,1,1,0,1.4,7.1
322,25025,Joe Milton III,NE,QB,1,16,0,0,2,1,0,0,0,0,6.8,6.8
323,24292,Trey Benson,ARI,RB,13,0,0,0,7,1,0,0,0,0,0.5,6.7
324,20805,T.J. Hockenson,MIN,TE,10,0,0,0,0,0,4,25,0,0,0.7,6.5
325,21747,Brandon Aiyuk,SF,WR,7,0,0,0,0,0,3,34,0,0,0.9,6.4
326,22592,Elijah Moore,CLE,WR,17,0,0,0,0,0,4,22,0,0,0.4,6.2
327,18652,C.J. Ham,MIN,FB,17,0,0,0,2,1,0,0,0,0,0.4,6.2
328,24238,Kendre Miller,NO,RB,6,0,0,0,0,1,0,0,0,0,1.0,6.0
329,18877,Christian McCaffrey,SF,RB,4,0,0,0,16,0,3,14,0,0,1.5,6.0
330,24609,Emari Demercado,ARI,RB,13,0,0,0,0,0,4,18,0,0,0.4,5.8
331,20819,Alec Ingold,MIA,FB,15,0,0,0,2,1,1,6,0,1,0.4,5.8
332,23138,Jake Ferguson,DAL,TE,14,0,0,0,0,0,4,16,0,0,0.4,5.6
333,22502,Desmond Ridder,LV,QB,5,32,1,0,3,0,0,0,0,0,1.1,5.6
334,23121,Kayshon Boutte,NE,WR,15,0,0,0,0,0,2,12,0,0,0.3,5.2
335,24463,Julian Hill,MIA,TE,16,0,0,0,0,0,3,21,0,0,0.3,5.1
336,18118,Brandon Allen,SF,QB,3,20,1,0,0,0,0,0,0,0,1.6,4.8
337,23249,Jake Haener,NO,QB,8,19,1,0,0,0,0,0,0,0,0.6,4.8
338,19080,Noah Brown,WAS,WR,11,0,0,0,0,0,3,14,0,0,0.4,4.4
339,24981,Jacob Cowing,SF,WR,15,0,0,0,0,0,2,23,0,0,0.3,4.3
340,18811,Mitchell Trubisky,BUF,QB,9,3,1,0,1,0,0,0,0,0,0.5,4.2
341,24939,Carson Steele,KC,FB,17,0,0,0,30,0,1,2,0,0,0.2,4.2
342,23729,Rashid Shaheed,NO,WR,6,0,0,0,17,0,2,5,0,0,0.7,4.2
343,22602,Tutu Atwell,LAR,WR,17,0,0,0,7,0,2,13,0,0,0.2,4.0
344,22823,Kylen Granson,IND,TE,17,0,0,0,0,0,3,10,0,0,0.2,4.0
345,22521,Jeremy Ruckert,NYJ,TE,17,0,0,0,0,0,2,16,0,0,0.2,3.6
346,17218,DeAndre Carter,CHI,WR,13,0,0,0,0,0,2,16,0,0,0.3,3.6
347,24944,Jonathon Brooks,CAR,RB,3,0,0,0,11,0,2,5,0,0,1.2,3.6
348,24987,Luke McCaffrey,WAS,WR,17,0,0,0,0,0,2,15,0,0,0.2,3.5
349,20816,Lil'Jordan Humphrey,DEN,WR,17,0,0,0,0,0,2,15,0,0,0.2,3.5
350,17986,Tyler Boyd,TEN,WR,16,0,0,0,0,0,2,13,0,0,0.2,3.3
351,21714,K.J. Osborn,WAS,WR,8,0,0,0,0,0,2,12,0,0,0.4,3.2
352,22566,Calvin Austin III,PIT,WR,17,0,0,0,0,0,2,12,0,0,0.2,3.2
353,25513,Cam Grandy,CIN,TE,8,0,0,0,0,0,2,12,0,0,0.4,3.2
354,21798,Josiah Deguara,JAX,TE,15,0,0,0,0,0,2,10,0,0,0.2,3.0
355,25208,Erick All Jr.,CIN,TE,9,0,0,0,0,0,2,10,0,0,0.3,3.0
356,21721,Devin Duvernay,JAX,WR,13,0,0,0,3,0,2,7,0,0,0.2,3.0
357,21263,Trenton Irwin,CIN,WR,7,0,0,0,0,0,2,9,0,0,0.4,2.9
358,23586,Julius Chestnut,TEN,RB,17,0,0,0,28,0,0,0,0,0,0.2,2.8
359,23267,Bailey Zappe,CLE,QB,1,18,1,1,0,0,0,0,0,0,2.7,2.7
360,21593,D'Ernest Johnson,JAX,RB,14,0,0,0,27,0,0,0,0,0,0.2,2.7
361,25144,Devin Culp,TB,TE,5,0,0,0,0,0,1,17,0,0,0.5,2.7
362,24979,Malachi Corley,NYJ,WR,9,0,0,0,26,0,0,0,0,0,0.3,2.6
363,21852,Ty Chandler,MIN,RB,17,0,0,0,11,0,1,5,0,0,0.2,2.6
364,23302,Britain Covey,PHI,WR,5,0,0,0,0,0,2,5,0,0,0.5,2.5
365,22657,John Bates,WAS,TE,17,0,0,0,0,0,1,14,0,0,0.1,2.4
366,23469,Tyquan Thornton,NE,WR,6,0,0,0,0,0,1,14,0,0,0.4,2.4
367,24923,Jaylen Wright,MIA,RB,15,0,0,0,13,0,1,0,0,0,0.2,2.3
368,23468,Michael Woods II,CLE,WR,5,0,0,0,0,0,1,13,0,0,0.5,2.3
369,25047,Blake Watson,DEN,RB,2,0,0,0,0,0,1,13,0,0,1.1,2.3
370,25102,Will Shipley,PHI,RB,16,0,0,0,9,0,1,4,0,0,0.1,2.3
371,24116,Blake Corum,LAR,RB,17,0,0,0,23,0,0,0,0,0,0.1,2.3
372,23199,Sincere McCormick,LV,RB,5,0,0,0,9,0,1,3,0,0,0.4,2.2
373,22547,Ronnie Rivers,LAR,RB,17,0,0,0,22,0,0,0,0,0,0.1,2.2
374,23148,David Bell,CLE,WR,1,0,0,0,0,0,1,12,0,0,2.2,2.2
375,22505,Davis Mills,HOU,QB,4,26,0,0,11,0,0,0,0,0,0.5,2.1
376,22686,Dyami Brown,WAS,WR,16,0,0,0,0,0,1,11,0,0,0.1,2.1
377,23158,Jermaine Burton,CIN,WR,14,0,0,0,0,0,1,11,0,0,0.1,2.1
378,23746,Deven Thompkins,CAR,WR,7,0,0,0,9,0,1,2,0,0,0.3,2.1
379,22517,Peyton Hendershot,KC,TE,7,0,0,0,0,0,1,11,0,0,0.3,2.1
380,22627,Ronnie Bell,SF,WR,9,0,0,0,0,0,1,10,0,0,0.2,2.0
381,19943,Durham Smythe,MIA,TE,17,0,0,0,0,0,1,8,0,0,0.1,1.8
382,23644,Stone Smartt,LAC,TE,15,0,0,0,0,0,1,7,0,0,0.1,1.7
383,24625,Tommy DeVito,NYG,QB,3,0,0,0,17,0,0,0,0,0,0.6,1.7
384,24310,Jordan Mims,NO,RB,11,0,0,0,3,0,1,4,0,0,0.2,1.7
385,20943,Darius Slayton,NYG,WR,16,0,0,0,17,0,0,0,0,0,0.1,1.7
386,21795,Luke Farrell,JAX,TE,17,0,0,0,0,0,1,6,0,0,0.1,1.6
387,25409,Mason Tipton,NO,WR,11,0,0,0,0,0,1,6,0,0,0.1,1.6
388,24188,Deuce Vaughn,DAL,RB,7,0,0,0,16,0,0,0,0,0,0.2,1.6
389,23166,Rakim Jarrett,TB,WR,10,0,0,0,0,0,1,6,0,0,0.2,1.6
390,20487,Brandon Powell,MIN,WR,17,0,0,0,0,0,1,5,0,0,0.1,1.5
391,24148,Davis Allen,LAR,TE,15,0,0,0,0,0,1,5,0,0,0.1,1.5
392,16389,Odell Beckham Jr.,MIA,WR,9,0,0,0,0,0,1,5,0,0,0.2,1.5
393,14871,Robert Woods,HOU,WR,15,0,0,0,0,0,1,4,0,0,0.1,1.4
394,22493,Trey Lance,DAL,QB,4,0,0,0,14,0,0,0,0,0,0.3,1.4
395,19755,River Cracraft,MIA,WR,8,0,0,0,0,0,1,4,0,0,0.2,1.4
396,24150,Luke Musgrave,GB,TE,7,0,0,0,0,0,1,4,0,0,0.2,1.4
397,23218,Pierre Strong Jr.,CLE,RB,14,0,0,0,0,0,1,3,0,0,0.1,1.3
398,21045,Marquise Brown,KC,WR,2,0,0,0,0,0,1,3,0,0,0.7,1.3
399,23485,Daniel Bellinger,NYG,TE,17,0,0,0,0,0,1,3,0,0,0.1,1.3
400,23231,Tyler Badie,DEN,RB,3,0,0,0,0,0,1,2,0,0,0.4,1.2
401,22604,Tylan Wallace,BAL,WR,17,0,0,0,0,0,1,2,0,0,0.1,1.2
402,24533,Ben Sims,GB,TE,17,0,0,0,0,0,1,2,0,0,0.1,1.2
403,24373,Kenny McIntosh,SEA,RB,17,0,0,0,12,0,0,0,0,0,0.1,1.2
404,21349,Ashton Dulin,IND,WR,15,0,0,0,12,0,0,0,0,0,0.1,1.2
405,23737,Tanner Conner,MIA,TE,8,0,0,0,0,0,1,1,0,0,0.1,1.1
406,21837,J.J. Taylor,HOU,RB,5,0,0,0,11,0,0,0,0,0,0.2,1.1
407,23482,Bo Melton,GB,WR,17,0,0,0,0,0,1,1,0,0,0.1,1.1
408,23765,Tyreik McAllister,LV,WR,3,0,0,0,10,0,0,0,0,0,0.3,1.0
409,23195,Eric Gray,NYG,RB,17,0,0,0,7,0,1,13,0,1,0.1,1.0
410,25045,Rasheen Ali,BAL,RB,6,0,0,0,10,0,0,0,0,0,0.2,1.0
411,22555,Jermar Jefferson,DET,RB,2,0,0,0,9,0,0,0,0,0,0.5,0.9
412,20159,Mike Boone,CAR,RB,6,0,0,0,8,0,0,0,0,0,0.1,0.8
413,24278,Hunter Luepke,DAL,RB,16,0,0,0,6,0,0,0,0,0,0.0,0.6
414,23477,Skylar Thompson,MIA,QB,3,15,0,0,0,0,0,0,0,0,0.2,0.6
415,24954,Adonai Mitchell,IND,WR,17,0,0,0,6,0,0,0,0,0,0.0,0.6
416,25079,Kimani Vidal,LAC,RB,10,0,0,0,5,0,0,0,0,0,0.1,0.5
417,20283,Tim Boyle,NYG,QB,3,11,0,0,0,0,0,0,0,0,0.1,0.4
418,23223,Dameon Pierce,HOU,RB,11,0,0,0,4,0,0,0,0,0,0.0,0.4
419,22206,Reggie Gilliam,BUF,FB,15,0,0,0,4,0,0,0,0,0,0.0,0.4
420,21564,Craig Reynolds,DET,RB,17,0,0,0,3,0,0,0,0,0,0.0,0.3
421,21686,Jalen Reagor,LAC,WR,8,0,0,0,1,0,0,0,0,0,0.0,0.1
422,25440,D.J. Williams,TB,RB,1,0,0,0,0,0,0,0,0,0,0.0,0.0
423,24598,Jared Wayne,HOU,WR,3,0,0,0,0,0,0,0,0,0,0.0,0.0
424,21788,Ke'Shawn Vaughn,SF,RB,3,0,0,0,0,0,0,0,0,0,0.0,0.0
425,22506,Brevin Jordan,HOU,TE,2,0,0,0,0,0,0,0,0,0,0.0,0.0
426,19064,Trent Taylor,SF,WR,2,0,0,0,0,0,0,0,0,0,0.0,0.0
427,20963,Cody Thompson,TB,WR,1,0,0,0,0,0,0,0,0,0,0.0,0.0
428,21750,Marquez Callaway,TB,WR,2,0,0,0,0,0,0,0,0,0,0.0,0.0
429,24296,Brycen Tremayne,WAS,WR,2,0,0,0,0,0,0,0,0,0,0.0,0.0
430,24168,Tyson Bagent,CHI,QB,4,0,0,0,0,0,0,0,0,0,0.0,0.0
431,24755,Elijah Cooks,JAX,WR,2,0,0,0,0,0,0,0,0,0,0.0,0.0
432,22973,Austin Trammell,JAX,WR,1,0,0,0,0,0,0,0,0,0,0.0,0.0
433,25486,Brenden Bates,CLE,TE,7,0,0,0,0,0,0,0,0,0,0.0,0.0
434,25511,Jaylen Johnson,LAC,WR,1,0,0,0,0,0,0,0,0,0,0.0,0.0
435,24457,Scott Matlock,LAC,FB,17,0,0,0,0,0,0,0,0,0,0.0,0.0
436,22556,Jaret Patterson,LAC,RB,1,0,0,0,0,0,0,0,0,0,0.0,0.0
437,20038,Braxton Berrios,MIA,WR,6,0,0,0,0,0,0,0,0,0,0.0,0.0
438,18187,Robbie Chosen,MIA,WR,2,0,0,0,0,0,0,0,0,0,0.0,0.0
439,21725,Trishton Jackson,MIN,WR,2,0,0,0,0,0,0,0,0,0,0.0,0.0
440,24343,Nikko Remigio,KC,WR,5,0,0,0,0,0,0,0,0,0,0.0,0.0
441,25498,Ramel Keyton,LV,WR,8,0,0,0,0,0,0,0,0,0,0.0,0.0
442,23415,Nikola Kalinic,LAR,TE,2,0,0,0,0,0,0,0,0,0,0.0,0.0
443,21294,Alex Bachman,LV,WR,6,0,0,0,0,0,0,0,0,0,0.0,0.0
444,22596,Jaelon Darden,SEA,WR,12,0,0,0,0,0,0,0,0,0,0.0,0.0
445,23624,Dareke Young,SEA,WR,14,0,0,0,0,0,0,0,0,0,0.0,0.0
446,23196,George Holani,SEA,RB,5,0,0,0,0,0,0,0,0,0,0.0,0.0
447,20954,Jarrett Stidham,DEN,QB,3,0,0,0,0,0,0,0,0,0,0.0,0.0
448,23143,Will Mallory,IND,TE,10,0,0,0,0,0,0,0,0,0,0.0,0.0
449,21310,Khari Blasingame,PHI,FB,5,0,0,0,0,0,0,0,0,0,0.0,0.0
450,21774,Tony Jones,ARI,RB,1,0,0,0,0,0,0,0,0,0,0.0,0.0
451,23201,Jase McClellan,ATL,RB,2,0,0,0,0,0,0,0,0,0,0.0,0.0
452,23629,Chris Oladokun,KC,QB,1,0,0,0,0,0,0,0,0,0,0.0,0.0
453,23962,Irvin Charles,NYJ,WR,13,0,0,0,0,0,0,0,0,0,0.0,0.0
454,18197,Alex Erickson,NE,WR,3,0,0,0,0,0,0,0,0,0,0.0,0.0
455,20053,Kyle Allen,PIT,QB,1,0,0,0,0,0,0,0,0,0,0.0,0.0
456,3061,Marcedes Lewis,CHI,TE,17,0,0,0,0,0,0,0,0,0,0.0,0.0
457,22676,Kene Nwangwu,NYJ,RB,2,0,0,0,0,0,0,0,0,0,0.0,0.0
458,24743,Xavier Smith,LAR,WR,15,0,0,0,0,0,0,0,0,0,0.0,0.0
459,23325,Erik Ezukanma,MIA,WR,2,0,0,0,0,0,0,0,0,0,0.0,0.0
460,19296,Anthony Firkser,KC,TE,7,0,0,0,0,0,0,0,0,0,0.0,0.0
461,17914,Laquon Treadwell,IND,WR,2,0,0,0,0,0,0,0,0,0,0.0,0.0
462,21556,Tom Kennedy,DET,WR,4,0,0,0,0,0,0,0,0,0,0.0,0.0
463,25051,Dante Miller,NYG,RB,2,0,0,0,0,0,0,0,0,0,0.0,0.0
464,21865,Stephen Sullivan,CAR,TE,1,0,0,0,0,0,0,0,0,0,0.0,0.0
465,22614,Kadarius Toney,CLE,WR,3,0,0,0,0,0,0,0,0,0,0.0,0.0
466,25370,Jermaine Jackson,NO,WR,4,0,0,0,0,0,0,0,0,0,0.0,0.0
467,25123,Jack Westover,NE,TE,3,0,0,0,0,0,0,0,0,0,0.0,0.0
468,25104,Jaheim Bell,NE,TE,15,0,0,0,0,0,0,0,0,0,0.0,0.0
469,25099,Dallin Holker,NO,TE,12,0,0,0,0,0,0,0,0,0,0.0,0.0
470,21769,Clyde Edwards-Helaire,NO,RB,2,0,0,0,0,0,0,0,0,0,0.0,0.0
471,24984,Jamari Thrash,CLE,WR,9,0,0,0,0,0,0,0,0,0,0.0,0.0
472,22569,Dee Eskridge,MIA,WR,6,0,0,0,0,0,0,0,0,0,0.0,0.0
473,25124,Ryan Flournoy,DAL,WR,11,0,0,0,0,0,0,0,0,0,0.0,0.0
474,21138,Scotty Miller,PIT,WR,13,0,0,0,0,0,0,0,0,0,0.0,0.0
475,24347,Xavier Hutchinson,HOU,WR,16,0,0,0,0,0,0,0,0,0,0.0,0.0
476,22645,Simi Fehoko,LAC,WR,8,0,0,0,0,0,0,0,0,0,0.0,0.0
477,25201,Jordan Whittington,LAR,WR,15,0,0,0,0,0,0,0,0,0,0.0,0.0
478,19957,John Kelly,CLE,RB,2,0,0,0,0,0,0,0,0,0,0.0,0.0
479,18914,Mike Williams,PIT,WR,18,0,0,0,0,0,0,0,0,0,0.0,0.0
480,22672,Gary Brightwell,CLE,RB,2,0,0,0,0,0,0,0,0,0,0.0,0.0
481,23298,Raheem Blackshear,CAR,RB,16,0,0,0,0,0,0,0,0,0,0.0,0.0
482,23467,Jalen Cropper,DAL,WR,1,0,0,0,0,0,0,0,0,0,0.0,0.0
483,23889,Thomas Odukoya,TEN,TE,3,0,0,0,0,0,0,0,0,0,0.0,0.0
484,22345,Dan Chisena,CAR,WR,6,0,0,0,0,0,0,0,0,0,0.0,0.0
485,17179,Taylor Heinicke,LAC,QB,4,0,0,0,0,0,0,0,0,0,0.0,0.0
486,16263,Allen Robinson II,DET,WR,12,0,0,0,0,0,0,0,0,0,0.0,0.0
487,24738,John Samuel Shenker,LV,TE,8,0,0,0,0,0,0,0,0,0,0.0,0.0
488,17223,Eric Tomlinson,LAC,TE,9,0,0,0,0,0,0,0,0,0,0.0,0.0
489,23840,Kevin Austin Jr.,NO,WR,8,0,0,0,0,0,0,0,0,0,0.0,0.0
490,24073,Maurice Alexander,DET,WR,3,0,0,0,0,0,0,0,0,0,0.0,0.0
491,24204,Evan Hull,IND,RB,1,0,0,0,0,0,0,0,0,0,0.0,0.0
492,25065,Jacob Kibodi,CLE,RB,1,0,0,0,0,0,0,0,0,0,0.0,0.0
493,23917,Kaden Davis,CLE,WR,1,0,0,0,0,0,0,0,0,0,0.0,0.0
494,23211,MarShawn Lloyd,GB,RB,1,0,0,0,0,0,0,0,0,0,0.0,0.0
495,21730,Collin Johnson,CHI,WR,9,0,0,0,0,0,0,0,0,0,0.0,0.0
496,21845,Darrynton Evans,CHI,RB,5,0,0,0,0,0,0,0,0,0,0.0,0.0
497,23213,Kendall Milton,CIN,RB,2,0,0,0,0,0,0,0,0,0,0.0,0.0
498,23996,Kendric Pryor,CIN,WR,2,0,0,0,0,0,0,0,0,0,0.0,0.0
499,24122,Charlie Jones,CIN,WR,8,0,0,0,0,0,0,0,0,0,0.0,0.0
500,22667,Zach Davidson,BUF,TE,3,0,0,0,0,0,0,0,0,0,0.0,0.0
501,24214,Keaton Mitchell,BAL,RB,5,0,0,0,0,0,0,0,0,0,0.0,0.0
502,25452,British Brooks,HOU,RB,5,0,0,0,0,0,0,0,0,0,0.0,0.0
503,21163,Deonte Harty,BAL,WR,5,0,0,0,0,0,0,0,0,0,0.0,0.0
504,24444,Travis Vokolek,ARI,TE,1,0,0,0,0,0,0,0,0,0,0.0,0.0
505,25032,Xavier Weaver,ARI,WR,2,0,0,0,0,0,0,0,0,0,0.0,0.0
506,22925,Avery Williams,ATL,RB,17,0,0,0,0,0,0,0,0,0,0.0,0.0
507,25132,Jha'Quan Jackson,TEN,WR,12,0,0,0,0,0,0,0,0,0,0.0,0.0
508,23119,Treylon Burks,TEN,WR,5,0,0,0,0,0,0,0,0,0,0.0,0.0
509,25101,Brenden Rice,LAC,WR,3,0,0,0,0,0,0,0,0,0,0.0,0.0
510,21697,Laviska Shenault Jr.,LAC,WR,12,0,0,0,0,0,0,0,0,0,0.0,0.0
511,23650,Lucas Krull,DEN,TE,13,0,0,0,0,0,0,0,0,0,0.0,0.0
512,19330,Nick Mullens,MIN,QB,4,0,0,0,0,0,0,0,0,0,0.0,0.0
513,24008,Troy Hairston,HOU,FB,2,0,0,0,0,0,0,0,0,0,0.0,0.0
514,18123,Jeff Driskel,WAS,QB,2,0,0,0,0,0,0,0,0,0,0.0,0.0
515,18872,Dalvin Cook,DAL,RB,2,0,0,0,0,0,0,0,0,0,0.0,0.0
516,23310,Greg Dulcich,NYG,TE,9,0,0,0,0,0,0,0,0,0,0.0,0.0
517,23155,Jahan Dotson,PHI,WR,17,0,0,0,0,0,0,0,0,0,0.0,0.0
518,19910,Ian Thomas,CAR,TE,5,0,0,0,0,0,0,0,0,0,0.0,0.0
519,20679,KhaDarel Hodge,ATL,WR,17,0,0,0,0,0,0,0,0,0,0.0,0.0
520,25114,Austin Reed,CHI,QB,1,0,0,0,0,0,0,0,0,0,0.0,0.0
521,22560,Keaontay Ingram,KC,RB,1,0,0,0,0,0,0,0,0,0,0.0,0.0
522,21760,Isaiah Hodgins,NYG,WR,3,0,0,0,0,0,0,0,0,0,0.0,0.0
523,22590,Ben Skowronek,PIT,WR,10,0,0,0,0,0,0,0,0,0,0.0,0.0
524,22407,Tyler Mabry,SEA,TE,2,0,0,0,0,0,0,0,0,0,0.0,0.0
525,18926,Zay Jones,ARI,WR,11,0,0,0,0,0,0,0,0,0,0.0,0.0
526,22524,James Mitchell,DET,TE,1,0,0,0,0,0,0,0,0,0,0.0,0.0
527,23711,Rodney Williams,PIT,TE,6,0,0,0,0,0,0,0,0,0,0.0,0.0
528,23185,Sam Howell,SEA,QB,3,0,0,0,0,0,0,0,0,0,0.0,0.0
529,25014,Tanner McLachlan,CIN,TE,2,0,0,0,0,0,0,0,0,0,0.0,0.0
530,22509,Hunter Long,LAR,TE,17,0,0,0,0,0,0,0,0,0,0.0,0.0
531,25134,Brevyn Spann-Ford,DAL,TE,17,0,0,0,0,0,0,0,0,0,0.0,0.0
532,24021,Tucker Fisk,LAC,TE,9,0,0,0,0,0,0,0,0,0,0.0,0.0
533,25039,Roman Wilson,PIT,WR,1,0,0,0,0,0,0,0,0,0,0.0,0.0
534,25205,Isaiah Williams,CIN,WR,8,0,0,0,0,0,0,0,0,0,0.0,0.0
535,25328,Baylor Cupp,KC,TE,1,0,0,0,0,0,0,0,0,0,0.0,0.0
536,16837,Chris Conley,SF,WR,15,0,0,0,0,0,0,0,0,0,0.0,0.0
537,24199,Bryce Ford-Wheaton,NYG,WR,14,0,0,0,0,0,0,0,0,0,0.0,0.0
538,22892,Tim Jones,JAX,WR,17,0,0,0,0,0,0,0,0,0,0.0,0.0
539,24351,Stetson Bennett,LAR,QB,1,0,0,0,0,0,0,0,0,0,0.0,0.0
540,23355,Teagan Quitoriano,HOU,TE,7,0,0,0,0,0,0,0,0,0,0.0,0.0
541,19491,Robert Tonyan,MIN,TE,5,0,0,0,0,0,0,0,0,0,0.0,0.0
542,25054,Dylan Laube,LV,RB,10,0,0,0,0,0,0,0,0,0,0.0,0.0
543,25049,Cody Schrader,LAR,RB,1,0,0,0,0,0,0,0,0,0,0.0,0.0
544,23659,Tay Martin,TEN,WR,1,0,0,0,0,0,0,0,0,0,0.0,0.0
545,21964,Cody White,SEA,WR,4,0,0,0,0,0,0,0,0,0,0.0,0.0
546,24511,Tyrell Shavers,BUF,WR,3,0,0,0,0,0,0,0,0,0,0.0,0.0
547,24288,Luke Schoonmaker,DAL,TE,17,0,0,0,0,0,0,0,0,0,0.0,0.0
548,23004,Adam Prentice,NO,FB,17,0,0,0,0,0,0,0,0,0,0.0,0.0
549,24211,Zack Kuntz,NYJ,TE,1,0,0,0,0,0,0,0,0,0,0.0,0.0
550,21783,Harrison Bryant,LV,TE,13,0,0,0,0,0,0,0,0,0,0.0,0.0
551,21100,Jakob Johnson,NYG,FB,3,0,0,0,0,0,0,0,0,0,0.0,0.0
552,24221,Justin Shorter,LV,TE,10,0,0,0,0,0,0,0,0,0,0.0,0.0
553,21782,Jonathan Ward,PIT,RB,4,0,0,0,0,0,0,0,0,0,0.0,0.0
554,15974,Jordan Matthews,CAR,TE,4,0,0,0,0,0,0,0,0,0,0.0,0.0
555,19172,Zach Pascal,ARI,WR,17,0,0,0,0,0,0,0,0,0,0.0,0.0
556,18881,John Ross,PHI,WR,1,0,0,0,0,0,0,0,0,0,0.0,0.0
557,22595,Ihmir Smith-Marsette,NYG,WR,15,0,0,0,0,0,0,0,0,0,0.0,0.0
558,22685,Terrace Marshall Jr.,LV,WR,7,0,0,0,0,0,0,0,0,0,0.0,0.0
559,23621,Nick Muse,MIN,TE,4,0,0,0,0,0,0,0,0,0,0.0,0.0
560,20398,Equanimeous St. Brown,NO,WR,2,0,0,0,0,0,0,0,0,0,0.0,0.0
561,23172,Tyrion Davis-Price,PHI,RB,1,0,0,0,0,0,0,0,0,0,0.0,0.0
562,25050,Chris Collier,LV,RB,8,0,0,0,0,0,0,0,0,0,0.0,0.0
563,22661,Jack Stoll,MIA,TE,11,0,0,0,0,0,0,0,0,0,0.0,0.0
564,24331,Grant DuBose,MIA,WR,3,0,0,0,0,0,0,0,0,0,0.0,0.0
565,16917,C.J. Uzomah,PHI,TE,7,0,0,0,0,0,0,0,0,0,0.0,0.0
566,17005,Geoff Swaim,CLE,TE,8,0,0,0,0,0,0,0,0,0,0.0,0.0
567,22591,Dez Fitzpatrick,LAC,WR,1,0,0,0,0,0,0,0,0,0,0.0,0.0
568,23163,Justyn Ross,KC,WR,2,0,0,0,0,0,0,0,0,0,0.0,0.0
569,25040,Javon Baker,NE,WR,11,0,0,0,0,0,0,0,0,0,0.0,0.0
570,24125,Jalin Hyatt,NYG,WR,16,0,0,0,0,0,0,0,0,0,0.0,0.0
571,20810,Travis Homer,CHI,RB,10,0,0,0,0,0,0,0,0,0,0.0,0.0
572,21383,Jody Fortson,KC,TE,3,0,0,0,0,0,0,0,0,0,0.0,0.0
573,21776,Joshua Kelley,TEN,RB,4,0,0,0,0,0,0,0,0,0,0.0,0.0
574,19972,Mike White,BUF,QB,1,0,0,0,0,0,0,0,0,0,0.0,0.0
575,22119,Charlie Woerner,ATL,TE,16,0,0,0,0,0,0,0,0,0,0.0,0.0
576,25120,Keilan Robinson,JAX,RB,6,0,0,0,0,0,0,0,0,0,0.0,0.0
577,25313,Joshua Cephus,JAX,WR,1,0,0,0,0,0,0,0,0,0,0.0,0.0
578,20949,Irv Smith Jr.,HOU,TE,5,0,0,0,0,0,0,0,0,0,0.0,0.0
579,21227,Andrew Beck,HOU,FB,4,0,0,0,0,0,0,0,0,0,0.0,0.0
580,23614,John FitzPatrick,GB,TE,9,0,0,0,0,0,0,0,0,0,0.0,0.0
581,25126,Anthony Gould,IND,WR,8,0,0,0,0,0,0,0,0,0,0.0,0.0
582,19864,Anthony Miller,BAL,WR,2,0,0,0,0,0,0,0,0,0,0.0,0.0
583,24617,Princeton Fant,DAL,TE,8,0,0,0,0,0,0,0,0,0,0.0,0.0
584,23481,Velus Jones Jr.,CAR,WR,3,0,0,0,0,0,0,0,0,0,0.0,0.0
585,18935,Gerald Everett,CHI,TE,17,0,0,0,0,0,0,0,0,0,0.0,0.0
586,24220,Tyler Scott,CHI,WR,11,0,0,0,0,0,0,0,0,0,0.0,0.0
587,21723,James Proche II,CLE,WR,9,0,0,0,0,0,0,0,0,0,0.0,0.0
588,20990,Trayveon Williams,CIN,RB,16,0,0,0,0,0,0,0,0,0,0.0,0.0
589,21046,Jake Browning,CIN,QB,3,0,0,0,0,0,0,0,0,0,0.0,0.0
590,23642,Jalen Virgil,BUF,WR,7,0,0,0,0,0,0,0,0,0,0.0,0.0
591,19843,Hayden Hurst,LAC,TE,9,0,0,0,0,0,0,0,0,0,0.0,0.0
592,21400,Steven Sims,BAL,WR,9,0,0,0,0,0,0,0,0,0,0.0,0.0
593,18030,Chris Moore,ARI,WR,5,0,0,0,0,0,0,0,0,0,0.0,0.0
594,25141,Tip Reiman,ARI,TE,17,0,0,0,0,0,0,0,0,0,0.0,0.0
595,22488,Chris Blair,ATL,WR,4,0,0,0,0,0,0,0,0,0,0.0,0.0
596,20361,Ross Dwelley,ATL,TE,17,0,0,0,0,0,0,0,0,0,0.0,0.0
597,25647,David Martin-Robinson,TEN,TE,5,0,0,0,0,0,0,0,0,0,0.0,0.0
598,22415,Mason Kinsey,TEN,WR,6,0,0,0,0,0,0,0,0,0,0.0,0.0
599,25642,Kameron Johnson,TB,WR,5,0,0,0,0,0,0,0,0,0,0.0,0.0
600,23662,Jake Tonges,SF,TE,16,0,0,0,0,0,0,0,0,0,0.0,0.0
601,24149,Brayden Willis,SF,TE,10,0,0,0,0,0,0,0,0,0,0.0,0.0
602,23618,Ko Kieft,TB,TE,17,0,0,0,0,0,0,0,0,0,0.0,0.0
603,25109,Sam Hartman,WAS,QB,1,0,0,0,0,0,0,0,0,0,0.0,0.0
604,25674,Colson Yankoff,WAS,TE,6,0,0,0,0,0,0,0,0,0,0.0,0.0
605,23161,Jonathan Mingo,DAL,WR,17,0,0,0,0,0,0,0,0,0,0.0,0.0
606,23168,Skyy Moore,KC,WR,6,0,0,0,0,0,0,0,0,0,0.0,0.0
607,20768,Myles Gaskin,MIN,RB,5,0,0,0,0,0,0,0,0,0,0.0,0.0
608,23763,Brandon Johnson,PIT,WR,3,0,0,0,0,0,0,0,0,0,0.0,0.0
609,25112,Jared Wiley,KC,TE,7,0,0,0,0,0,0,0,0,0,0.0,0.0
610,24978,Devontez Walker,BAL,WR,9,0,0,0,0,0,0,0,0,0,0.0,0.0
611,23604,Montrell Washington,KC,WR,1,0,0,0,0,0,0,0,0,0,0.0,0.0
612,21800,Mitchell Wilcox,NE,TE,2,0,0,0,0,0,0,0,0,0,0.0,0.0
613,23142,Theo Johnson,NYG,TE,12,0,0,0,0,0,0,0,0,0,0.0,0.0
614,25304,Casey Washington,ATL,WR,9,0,0,0,0,0,0,0,0,0,0.0,0.0
615,24718,Brady Russell,SEA,TE,11,0,0,0,0,0,0,0,0,0,0.0,0.0
616,24930,Sione Vaki,DET,RB,16,0,0,0,0,0,0,0,0,0,0.0,0.0
617,25687,Bryce Oliver,TEN,WR,10,0,0,0,0,0,0,0,0,0,0.0,0.0
618,22637,Brandon Smith,NYJ,WR,1,0,0,0,0,0,0,0,0,0,0.0,0.0
619,23084,Shane Zylstra,DET,TE,12,0,0,0,0,0,0,0,0,0,0.0,0.0
620,23101,Parker Hesse,DET,TE,5,0,0,0,0,0,0,0,0,0,0.0,0.0
621,22498,Feleipe Franks,CAR,TE,16,0,0,0,0,0,0,0,0,0,0.0,0.0
622,19304,Pharaoh Brown,SEA,TE,15,0,0,0,0,0,0,0,0,0,0.0,0.0
623,25090,Terrell Jennings,NE,RB,3,0,0,0,-1,0,0,0,0,0,-0.0,-0.1
624,6489,Josh Johnson,BAL,QB,6,0,0,0,-1,0,0,0,0,0,-0.0,-0.1
625,24140,Hendon Hooker,DET,QB,3,0,0,0,-1,0,0,0,0,0,-0.0,-0.1
626,17920,Carson Wentz,KC,QB,3,0,0,0,-2,0,0,0,0,0,-0.1,-0.2
627,22494,Kyle Trask,TB,QB,4,0,0,0,-2,0,0,0,0,0,-0.1,-0.2
628,23713,Aaron Shampklin,PIT,RB,3,0,0,0,-2,0,0,0,0,0,-0.1,-0.2
629,20360,Jeff Wilson Jr.,MIA,RB,10,0,0,0,-3,0,0,0,0,0,-0.0,-0.3
630,18957,D'Onta Foreman,CLE,RB,11,0,0,0,16,0,0,0,0,1,-0.0,-0.4
631,23230,Dorian Thompson-Robinson,CLE,QB,7,2,0,1,14,0,0,0,0,0,-0.1,-0.5
632,24170,Clayton Tune,ARI,QB,6,0,0,0,-6,0,0,0,0,1,-0.4,-2.6
