rank,id,player,team,opp,pos,opp_rank,opp_pos_rank,salary_draftkings,fpts_draftkings
1,22495,Zach Wilson,MIA,CHI,QB,16,1,5500,26.2
2,23481,Velus Jones Jr.,NO,LAC,RB,2,3,5500,23.2
3,25353,Jack Plummer,CAR,CLE,QB,23,27,5500,20.9
4,25687,Bryce Oliver,TEN,TB,WR,22,22,5500,20.2
5,25100,Frank Gore Jr.,BUF,NYG,RB,20,25,5500,20.1
6,18912,Evan Engram,DEN,SF,TE,18,7,5500,18.8
7,24220,Tyler Scott,CHI,MIA,WR,7,3,5500,17.6
8,24984,Jamari Thrash,CLE,CAR,WR,32,23,5500,17.3
9,22645,Simi Fehoko,ARI,KC,WR,5,16,5500,16.5
10,24956,J.J. McCarthy,MIN,HOU,QB,15,18,5500,16.3
11,23763,Brandon Johnson,PIT,JAX,WR,31,30,5500,16.3
12,25079,Kimani Vidal,LAC,NO,RB,26,26,5500,16.0
13,24178,Israel Abanikanda,GB,NYJ,RB,10,13,5500,15.9
14,23477,Skylar Thompson,PIT,JAX,QB,31,29,5500,15.6
15,23158,Jermaine Burton,CIN,PHI,WR,1,6,5500,15.6
16,25529,Hayden Rucci,MIA,CHI,TE,16,22,5500,15.4
17,22555,Jermar Jefferson,TEN,TB,RB,22,5,5500,14.9
18,25122,Jalen Coker,CAR,CLE,WR,23,31,5500,14.5
19,25113,Will Reichard,MIN,HOU,K,15,15,7600,14.0
20,24362,Malik Heath,GB,NYJ,WR,10,7,5500,13.9
21,22494,Kyle Trask,TB,TEN,QB,13,17,5500,13.7
22,21723,James Proche II,TEN,TB,WR,22,22,5500,13.6
23,22493,Trey Lance,LAC,NO,QB,26,10,5500,13.6
24,20283,Tim Boyle,TEN,TB,QB,22,28,5500,13.4
25,21845,Darrynton Evans,BUF,NYG,RB,20,25,5500,13.3
26,22533,Demetric Felton,WAS,NE,RB,21,30,5500,13.2
27,17215,Jason Myers,SEA,LV,K,27,31,7600,13.0
28,20398,Equanimeous St. Brown,SF,DEN,WR,4,5,5500,13.0
29,23118,Malik Willis,GB,NYJ,QB,10,14,5500,12.9
30,22685,Terrace Marshall Jr.,PHI,CIN,WR,24,10,5500,12.9
31,24981,Jacob Cowing,SF,DEN,WR,4,5,5500,12.9
32,22490,Trevor Lawrence,JAX,PIT,QB,6,6,5500,12.6
33,22417,Kristian Wilkerson,BUF,NYG,WR,20,17,5500,12.5
34,20912,Tony Pollard,TEN,TB,RB,22,5,5500,12.4
35,25124,Ryan Flournoy,DAL,LAR,WR,25,21,5500,12.4
36,26059,Keandre Lambert-Smith,LAC,NO,WR,26,26,5500,12.3
37,21759,KJ Hamler,BUF,NYG,WR,20,17,5500,12.2
38,20953,Easton Stick,ATL,DET,QB,9,22,5500,12.2
39,23364,Jordan Mason,MIN,HOU,RB,15,6,5500,11.9
40,21564,Craig Reynolds,DET,ATL,RB,29,9,5500,11.8
41,22604,Tylan Wallace,BAL,IND,WR,28,20,5500,11.8
42,23196,George Holani,SEA,LV,RB,27,18,5500,11.7
43,24923,Jaylen Wright,MIA,CHI,RB,16,29,5500,11.7
44,25498,Ramel Keyton,TEN,TB,WR,22,22,5500,11.6
45,24939,Carson Steele,KC,ARI,RB,17,24,5500,11.0
46,22569,Dee Eskridge,MIA,CHI,WR,16,2,5500,10.9
47,22600,Johnny Johnson III,HOU,MIN,WR,8,32,5500,10.8
48,24958,Drake Maye,NE,WAS,QB,14,7,5500,10.7
49,24755,Elijah Cooks,PHI,CIN,WR,24,10,5500,10.3
50,23217,Rachaad White,TB,TEN,RB,13,28,5500,10.3
51,24971,Audric Estime,DEN,SF,RB,18,27,5500,10.2
52,21688,Cam Akers,NO,LAC,RB,2,3,5500,10.2
53,24686,Nate Adkins,DEN,SF,TE,18,7,5500,10.0
54,23567,Cameron Dicker,LAC,NO,K,26,21,7600,10.0
55,24073,Maurice Alexander,CHI,MIA,WR,7,3,5500,10.0
56,16301,Cairo Santos,CHI,MIA,K,7,28,7600,10.0
57,24309,Emanuel Wilson,GB,NYJ,RB,10,13,5500,9.8
58,24954,Adonai Mitchell,IND,BAL,WR,19,28,5500,9.8
59,23301,Jashaun Corbin,ATL,DET,RB,9,7,5500,9.7
60,23144,Ainias Smith,PHI,CIN,WR,24,10,5500,9.6
61,25043,Jason Bean,IND,BAL,QB,19,24,5500,9.6
62,21725,Trishton Jackson,ARI,KC,WR,5,16,5500,9.5
63,23186,Spencer Rattler,NO,LAC,QB,2,12,5500,9.5
64,19950,Will Dissly,LAC,NO,TE,26,12,5500,9.4
65,22496,Mac Jones,SF,DEN,QB,4,9,5500,9.3
66,24894,Lucky Jackson,MIN,HOU,WR,15,25,5500,9.3
67,24348,Cedric Tillman,CLE,CAR,WR,32,23,5500,9.2
68,20875,DK Metcalf,PIT,JAX,WR,31,30,5500,9.1
69,24008,Troy Hairston,CLE,CAR,RB,32,32,5500,9.1
70,24506,Blake Grupe,NO,LAC,K,2,7,7600,9.0
71,24743,Xavier Smith,LAR,DAL,WR,30,27,5500,9.0
72,24625,Tommy DeVito,NYG,BUF,QB,12,8,5500,8.9
73,24168,Tyson Bagent,CHI,MIA,QB,7,2,5500,8.8
74,23341,Tyler Goodson,IND,BAL,RB,19,4,5500,8.7
75,23230,Dorian Thompson-Robinson,PHI,CIN,QB,24,26,5500,8.6
76,25647,David Martin-Robinson,TEN,TB,TE,22,25,5500,8.5
77,23231,Tyler Badie,DEN,SF,RB,18,27,5500,8.1
78,25306,Dominic Lovett,DET,ATL,WR,29,29,5500,8.1
79,18478,Wil Lutz,DEN,SF,K,18,21,7600,8.0
80,23237,Chris Rodriguez Jr.,WAS,NE,RB,21,30,5500,8.0
81,24471,Ryan Miller,TB,TEN,WR,13,1,5500,8.0
82,24342,Mitchell Tinsley,CIN,PHI,WR,1,6,5500,7.7
83,25621,Treyton Welch,NO,LAC,TE,2,3,5500,7.7
84,25032,Xavier Weaver,ARI,KC,WR,5,16,5500,7.6
85,21823,Patrick Taylor Jr.,SF,DEN,RB,4,12,5500,7.5
86,24143,Parker Washington,JAX,PIT,WR,6,14,5500,7.5
87,24354,Blake Whiteheart,CLE,CAR,TE,32,28,5500,7.5
88,24347,Xavier Hutchinson,HOU,MIN,WR,8,32,5500,7.4
89,22672,Gary Brightwell,CIN,PHI,RB,1,1,5500,7.3
90,24421,Cameron Latu,PHI,CIN,TE,24,32,5500,7.2
91,21732,Giovanni Ricci,MIN,HOU,TE,15,19,5500,7.2
92,20325,Greg Joseph,SF,DEN,K,4,9,7600,7.0
93,22502,Desmond Ridder,CIN,PHI,QB,1,5,5500,6.9
94,6489,Josh Johnson,WAS,NE,QB,21,15,5500,6.8
95,19120,David Moore,CAR,CLE,WR,23,31,5500,6.8
96,23132,Bryce Young,CAR,CLE,QB,23,27,5500,6.8
97,24117,Anthony Richardson Sr.,IND,BAL,QB,19,24,5500,6.7
98,24310,Jordan Mims,TEN,TB,RB,22,5,5500,6.7
99,25114,Austin Reed,CHI,MIA,QB,7,2,5500,6.6
100,26101,Isaac TeSlaa,DET,ATL,WR,29,29,5500,6.6
101,19025,Joshua Dobbs,NE,WAS,QB,14,7,5500,6.6
102,25126,Anthony Gould,IND,BAL,WR,19,28,5500,6.5
103,14895,Geno Smith,LV,SEA,QB,11,13,5500,6.5
104,24476,Sean Clifford,GB,NYJ,QB,10,14,5500,6.4
105,19063,George Kittle,SF,DEN,TE,4,10,5500,6.4
106,23146,Cornelius Johnson,GB,NYJ,WR,10,7,5500,6.4
107,22667,Zach Davidson,BUF,NYG,TE,20,6,5500,6.3
108,24507,Adrian Martinez,NYJ,GB,QB,3,3,5500,6.3
109,22234,Andre Baccellia,ARI,KC,WR,5,16,5500,6.1
110,21837,J.J. Taylor,HOU,MIN,RB,8,8,5500,6.1
111,25678,Jude McAtamney,NYG,BUF,K,12,3,7600,6.0
112,19989,Daniel Carlson,LV,SEA,K,11,10,7600,6.0
113,24423,Jake Moody,SF,DEN,K,4,9,7600,6.0
114,24776,John Stephens Jr.,DAL,LAR,TE,25,29,5500,6.0
115,24345,Jason Brownlee,KC,ARI,WR,17,9,5500,5.9
116,19802,Calvin Ridley,TEN,TB,WR,22,22,5500,5.9
117,23604,Montrell Washington,NYG,BUF,WR,12,15,5500,5.9
118,25430,Jeshaun Jones,MIN,HOU,WR,15,25,5500,5.9
119,21696,Travis Etienne Jr.,JAX,PIT,RB,6,10,5500,5.9
120,20939,David Sills V,ATL,DET,WR,9,24,5500,5.8
121,25459,Xavier Johnson,HOU,MIN,WR,8,32,5500,5.8
122,19980,Deon Cain,BUF,NYG,WR,20,17,5500,5.8
123,25134,Brevyn Spann-Ford,DAL,LAR,TE,25,29,5500,5.8
124,24194,Sean Tucker,TB,TEN,RB,13,28,5500,5.7
125,22973,Austin Trammell,JAX,PIT,WR,6,14,5500,5.7
126,25103,Malik Washington,MIA,CHI,WR,16,2,5500,5.7
127,21400,Steven Sims,SEA,LV,WR,27,11,5500,5.7
128,25047,Blake Watson,DEN,SF,RB,18,27,5500,5.6
129,25642,Kameron Johnson,TB,TEN,WR,13,1,5500,5.5
130,25063,Isaac Guerendo,SF,DEN,RB,4,12,5500,5.5
131,25025,Joe Milton III,DAL,LAR,QB,25,25,5500,5.4
132,20823,Tyree Jackson,WAS,NE,TE,21,14,5500,5.4
133,21005,Parris Campbell,DAL,LAR,WR,25,21,5500,5.4
134,24952,Ja'Lynn Polk,NE,WAS,WR,14,12,5500,5.3
135,17914,Laquon Treadwell,IND,BAL,WR,19,28,5500,5.3
136,25040,Javon Baker,NE,WAS,WR,14,12,5500,5.3
137,24188,Deuce Vaughn,DAL,LAR,RB,25,14,5500,5.3
138,23199,Sincere McCormick,LV,SEA,RB,11,16,5500,5.2
139,23273,Hassan Haskins,LAC,NO,RB,26,26,5500,5.2
140,23157,Jaxon Smith-Njigba,SEA,LV,WR,27,11,5500,5.2
141,20932,Deebo Samuel Sr.,WAS,NE,WR,21,13,5500,5.2
142,25322,Jabari Small,DET,ATL,RB,29,9,5500,5.1
143,23232,Alec Pierce,IND,BAL,WR,19,28,5500,5.1
144,25304,Casey Washington,ATL,DET,WR,9,24,5500,5.1
145,20081,Trent Sherfield Sr.,DEN,SF,WR,18,8,5500,5.0
146,18215,Ka'imi Fairbairn,HOU,MIN,K,8,2,7600,5.0
147,24595,Zavier Scott,MIN,HOU,RB,15,6,5500,4.9
148,22637,Brandon Smith,NYJ,GB,WR,3,4,5500,4.9
149,24767,Dresser Winn,LAR,DAL,QB,30,30,5500,4.9
150,23634,Samori Toure,CHI,MIA,WR,7,3,5500,4.8
151,19912,Nyheim Hines,LAC,NO,RB,26,26,5500,4.8
152,24933,Brian Thomas Jr.,JAX,PIT,WR,6,14,5500,4.8
153,21697,Laviska Shenault Jr.,BUF,NYG,WR,20,17,5500,4.7
154,23917,Kaden Davis,CLE,CAR,WR,32,23,5500,4.7
155,24170,Clayton Tune,ARI,KC,QB,5,19,5500,4.7
156,23099,Michael Bandy,DEN,SF,WR,18,8,5500,4.6
157,24215,Lew Nichols,PIT,JAX,RB,31,31,5500,4.6
158,23213,Kendall Milton,CIN,PHI,RB,1,1,5500,4.6
159,23153,George Pickens,DAL,LAR,WR,25,21,5500,4.6
160,23847,Bam Knight,ARI,KC,RB,5,2,5500,4.5
161,25051,Dante Miller,NYG,BUF,RB,12,23,5500,4.5
162,24800,E.J. Jenkins,PHI,CIN,TE,24,32,5500,4.5
163,19850,Mason Rudolph,PIT,JAX,QB,31,29,5500,4.5
164,23662,Jake Tonges,SF,DEN,TE,4,10,5500,4.4
165,21037,Miles Boykin,CHI,MIA,WR,7,3,5500,4.4
166,22661,Jack Stoll,NO,LAC,TE,2,3,5500,4.4
167,24180,DeMario Douglas,NE,WAS,WR,14,12,5500,4.4
168,24420,Matt Landers,TEN,TB,WR,22,22,5500,4.4
169,20929,Brett Rypien,MIN,HOU,QB,15,18,5500,4.3
170,25338,Tejhaun Palmer,ARI,KC,WR,5,16,5500,4.3
171,23241,Brock Purdy,SF,DEN,QB,4,9,5500,4.2
172,22477,Dominique Dafney,CAR,CLE,TE,23,17,5500,4.2
173,25050,Chris Collier,LV,SEA,RB,11,16,5500,4.2
174,25104,Jaheim Bell,NE,WAS,TE,14,18,5500,4.2
175,23160,John Metchie III,HOU,MIN,WR,8,32,5500,4.1
176,25452,British Brooks,HOU,MIN,RB,8,8,5500,4.1
177,24967,Bucky Irving,TB,TEN,RB,13,28,5500,4.1
178,23249,Jake Haener,NO,LAC,QB,2,12,5500,4.1
179,21861,Antonio Gibson,NE,WAS,RB,14,21,5500,4.0
180,22108,Tyler Bass,BUF,NYG,K,20,14,7600,4.0
181,22556,Jaret Patterson,LAC,NO,RB,26,26,5500,4.0
182,24149,Brayden Willis,SF,DEN,TE,4,10,5500,4.0
183,24973,Troy Franklin,DEN,SF,WR,18,8,5500,4.0
184,23193,Tank Bigsby,JAX,PIT,RB,6,10,5500,4.0
185,24223,Brenton Strange,JAX,PIT,TE,6,24,5500,3.9
186,25513,Cam Grandy,CIN,PHI,TE,1,4,5500,3.9
187,22488,Chris Blair,ATL,DET,WR,9,24,5500,3.8
188,24626,Elijah Dotson,ATL,DET,RB,9,7,5500,3.8
189,23586,Julius Chestnut,TEN,TB,RB,22,5,5500,3.8
190,21739,Van Jefferson,TEN,TB,WR,22,22,5500,3.8
191,25098,Jalen McMillan,TB,TEN,WR,13,1,5500,3.8
192,21714,K.J. Osborn,WAS,NE,WR,21,13,5500,3.7
193,22823,Kylen Granson,PHI,CIN,TE,24,32,5500,3.7
194,23185,Sam Howell,MIN,HOU,QB,15,18,5500,3.7
195,24204,Evan Hull,PIT,JAX,RB,31,31,5500,3.7
196,25133,Bub Means,NO,LAC,WR,2,18,5500,3.6
197,25090,Terrell Jennings,NE,WAS,RB,14,21,5500,3.6
198,24221,Justin Shorter,LV,SEA,TE,11,13,5500,3.5
199,24511,Tyrell Shavers,BUF,NYG,WR,20,17,5500,3.5
200,22515,Cole Turner,WAS,NE,TE,21,14,5500,3.5
201,23135,Charlie Kolar,BAL,IND,TE,28,30,5500,3.4
202,24288,Luke Schoonmaker,DAL,LAR,TE,25,29,5500,3.4
203,24123,Tyjae Spears,TEN,TB,RB,22,5,5500,3.4
204,24670,Kazmeir Allen,WAS,NE,RB,21,30,5500,3.4
205,25486,Brenden Bates,CLE,CAR,TE,32,28,5500,3.4
206,21818,Shane Buechele,BUF,NYG,QB,20,20,5500,3.3
207,21682,Jonathan Taylor,IND,BAL,RB,19,4,5500,3.3
208,24886,Jordan Murray,CHI,MIA,TE,7,21,5500,3.2
209,16762,Jameis Winston,NYG,BUF,QB,12,8,5500,3.1
210,25333,John Jiles,NE,WAS,WR,14,12,5500,3.1
211,24617,Princeton Fant,DAL,LAR,TE,25,29,5500,3.1
212,15534,Adam Thielen,CAR,CLE,WR,23,31,5500,3.1
213,24539,Joel Wilson,CHI,MIA,TE,7,21,5500,3.1
214,24124,Tanner McKee,PHI,CIN,QB,24,26,5500,3.1
215,22595,Ihmir Smith-Marsette,NYG,BUF,WR,12,15,5500,3.1
216,19041,Jake Elliott,PHI,CIN,K,24,8,7600,3.0
217,21203,Matthew Wright,CAR,CLE,K,23,12,7600,3.0
218,14867,Dustin Hopkins,CLE,CAR,K,32,32,7600,3.0
219,24991,Jawhar Jordan,HOU,MIN,RB,8,8,5500,2.9
220,24021,Tucker Fisk,LAC,NO,TE,26,12,5500,2.9
221,21138,Scotty Miller,PIT,JAX,WR,31,30,5500,2.9
222,22501,Kenny Pickett,CLE,CAR,QB,32,32,5500,2.7
223,25205,Isaiah Williams,CIN,PHI,WR,1,6,5500,2.7
224,21077,Diontae Johnson,CLE,CAR,WR,32,23,5500,2.7
225,25049,Cody Schrader,LAR,DAL,RB,30,20,5500,2.7
226,25773,John Jackson,CHI,MIA,WR,7,3,5500,2.6
227,23335,Cole Fotheringham,NE,WAS,TE,14,18,5500,2.5
228,21721,Devin Duvernay,CHI,MIA,WR,7,3,5500,2.5
229,24304,Carlos Washington Jr.,ATL,DET,RB,9,7,5500,2.4
230,25198,Devaughn Vele,DEN,SF,WR,18,8,5500,2.4
231,21781,Sean McKeon,IND,BAL,TE,19,23,5500,2.4
232,25358,Tanner Mordecai,SF,DEN,QB,4,9,5500,2.4
233,25101,Brenden Rice,LAC,NO,WR,26,26,5500,2.3
234,24947,Ja'Tavion Sanders,CAR,CLE,TE,23,17,5500,2.3
235,21734,Nick Westbrook-Ikhine,MIA,CHI,WR,16,2,5500,2.3
236,23642,Jalen Virgil,BUF,NYG,WR,20,17,5500,2.3
237,24151,Payne Durham,TB,TEN,TE,13,5,5500,2.3
238,18118,Brandon Allen,TEN,TB,QB,22,28,5500,2.3
239,19065,Jeremy McNichols,WAS,NE,RB,21,30,5500,2.3
240,25058,Emani Bailey,CAR,CLE,RB,23,11,5500,2.3
241,24343,Nikko Remigio,KC,ARI,WR,17,9,5500,2.2
242,26683,Dalevon Campbell,LAC,NO,WR,26,26,5500,2.2
243,24312,Jacob Saylors,DET,ATL,RB,29,9,5500,2.2
244,25674,Colson Yankoff,WAS,NE,TE,21,14,5500,2.2
245,21744,Michael Pittman Jr.,IND,BAL,WR,19,28,5500,2.2
246,19790,Baker Mayfield,TB,TEN,QB,13,17,5500,2.2
247,20053,Kyle Allen,DET,ATL,QB,29,31,5500,2.1
248,21964,Cody White,SEA,LV,WR,27,11,5500,2.1
249,21349,Ashton Dulin,IND,BAL,WR,19,28,5500,2.1
250,21746,Tarik Black,MIA,CHI,WR,16,2,5500,2.1
251,25314,Louis Rees-Zammit,JAX,PIT,WR,6,14,5500,2.1
252,22908,Evan McPherson,CIN,PHI,K,1,1,7600,2.0
253,25511,Jaylen Johnson,LAC,NO,WR,26,26,5500,2.0
254,21957,Quez Watkins,ARI,KC,WR,5,16,5500,2.0
255,22492,Justin Fields,NYJ,GB,QB,3,3,5500,2.0
256,23889,Thomas Odukoya,TEN,TB,TE,22,25,5500,2.0
257,20033,Jason Sanders,MIA,CHI,K,16,29,7600,2.0
258,23650,Lucas Krull,DEN,SF,TE,18,7,5500,2.0
259,21815,Sam Ehlinger,DEN,SF,QB,18,11,5500,1.9
260,24211,Zack Kuntz,NYJ,GB,TE,3,20,5500,1.9
261,23614,John FitzPatrick,GB,NYJ,TE,10,8,5500,1.9
262,19864,Anthony Miller,BAL,IND,WR,28,20,5500,1.9
263,25313,Joshua Cephus,JAX,PIT,WR,6,14,5500,1.8
264,24749,Shedrick Jackson,LV,SEA,WR,11,19,5500,1.8
265,22592,Elijah Moore,BUF,NYG,WR,20,17,5500,1.8
266,25054,Dylan Laube,LV,SEA,RB,11,16,5500,1.8
267,24875,Dylan Drummond,ATL,DET,WR,9,24,5500,1.7
268,22498,Feleipe Franks,ATL,DET,TE,9,1,5500,1.7
269,21294,Alex Bachman,LV,SEA,WR,11,19,5500,1.7
270,22620,Mike Strachan,WAS,NE,WR,21,13,5500,1.7
271,25608,Kevin Foelsch,PIT,JAX,TE,31,26,5500,1.7
272,25876,Oronde Gadsden,LAC,NO,TE,26,12,5500,1.7
273,18030,Chris Moore,WAS,NE,WR,21,13,5500,1.7
274,25311,John Rhys Plumlee,SEA,LV,WR,27,11,5500,1.7
275,20788,Mecole Hardman,GB,NYJ,WR,10,7,5500,1.6
276,24279,Malik Cunningham,BAL,IND,WR,28,20,5500,1.6
277,17218,DeAndre Carter,CLE,CAR,WR,32,23,5500,1.6
278,23143,Will Mallory,IND,BAL,TE,19,23,5500,1.6
279,23467,Jalen Cropper,DAL,LAR,WR,25,21,5500,1.6
280,25711,Qadir Ismail,LV,SEA,TE,11,13,5500,1.5
281,24979,Malachi Corley,NYJ,GB,WR,3,4,5500,1.5
282,24535,Tanner Taula,TB,TEN,TE,13,5,5500,1.5
283,25455,Dayton Wade,BAL,IND,WR,28,20,5500,1.5
284,24339,Jake Bobo,SEA,LV,WR,27,11,5500,1.5
285,21691,Chuba Hubbard,CAR,CLE,RB,23,11,5500,1.5
286,23084,Shane Zylstra,DET,ATL,TE,29,16,5500,1.5
287,26281,Jackson Meeks,DET,ATL,WR,29,29,5500,1.5
288,19972,Mike White,BUF,NYG,QB,20,20,5500,1.5
289,24978,Devontez Walker,BAL,IND,WR,28,20,5500,1.4
290,22590,Ben Skowronek,PIT,JAX,WR,31,30,5500,1.4
291,22892,Tim Jones,MIN,HOU,WR,15,25,5500,1.4
292,24121,Derius Davis,LAC,NO,WR,26,26,5500,1.4
293,23469,Tyquan Thornton,KC,ARI,WR,17,9,5500,1.4
294,24709,Jesse Matthews,ATL,DET,WR,9,24,5500,1.4
295,23161,Jonathan Mingo,DAL,LAR,WR,25,21,5500,1.3
296,20949,Irv Smith Jr.,HOU,MIN,TE,8,9,5500,1.3
297,20810,Travis Homer,CHI,MIA,RB,7,17,5500,1.3
298,23720,Zaire Mitchell-Paden,BAL,IND,TE,28,30,5500,1.3
299,24122,Charlie Jones,CIN,PHI,WR,1,6,5500,1.3
300,21760,Isaiah Hodgins,SF,DEN,WR,4,5,5500,1.3
301,15694,Case Keenum,CHI,MIA,QB,7,2,5500,1.3
302,23182,Kedon Slovis,HOU,MIN,QB,8,4,5500,1.2
303,23629,Chris Oladokun,KC,ARI,QB,17,16,5500,1.2
304,20954,Jarrett Stidham,DEN,SF,QB,18,11,5500,1.1
305,23205,Jerome Ford,CLE,CAR,RB,32,32,5500,1.1
306,25504,Cole Burgess,CIN,PHI,WR,1,6,5500,1.1
307,25132,Jha'Quan Jackson,TEN,TB,WR,22,22,5500,1.1
308,14536,Russell Wilson,NYG,BUF,QB,12,8,5500,1.0
309,22608,Seth Williams,LV,SEA,WR,11,19,5500,1.0
310,23659,Tay Martin,WAS,NE,WR,21,13,5500,1.0
311,20769,Matt Gay,WAS,NE,K,21,17,7600,1.0
312,25956,Omarion Hampton,LAC,NO,RB,26,26,5500,0.9
313,23236,Emory Jones,ATL,DET,QB,9,22,5500,0.9
314,18018,Jacoby Brissett,ARI,KC,QB,5,19,5500,0.8
315,24296,Brycen Tremayne,CAR,CLE,WR,23,31,5500,0.7
316,20779,Will Grier,DAL,LAR,QB,25,25,5500,0.6
317,24140,Hendon Hooker,DET,ATL,QB,29,31,5500,0.6
318,20933,Miles Sanders,DAL,LAR,RB,25,14,5500,0.6
319,25481,Ian Wheeler,CHI,MIA,RB,7,17,5500,0.5
320,23131,DJ Uiagalelei,LAC,NO,QB,26,10,5500,0.5
321,24457,Scott Matlock,LAC,NO,RB,26,26,5500,0.2
322,23187,Tyler Shough,NO,LAC,QB,2,12,5500,0.0
323,23840,Kevin Austin Jr.,NO,LAC,WR,2,18,5500,0.0
324,24226,Quentin Johnston,LAC,NO,WR,26,26,5500,0.0
325,25988,Moliki Matavao,NO,LAC,TE,2,3,5500,0.0
326,26251,Jordan Petaia,LAC,NO,TE,26,12,5500,0.0
327,26457,Moochie Dixon,NO,LAC,WR,2,18,5500,0.0
328,25331,Chris Tyree,NO,LAC,WR,2,18,5500,0.0
329,16568,Brandin Cooks,NO,LAC,WR,2,18,5500,0.0
330,25888,Devin Neal,NO,LAC,RB,2,3,5500,0.0
331,20013,Cedrick Wilson Jr.,NO,LAC,WR,2,18,5500,0.0
332,19988,Tyler Conklin,LAC,NO,TE,26,12,5500,0.0
333,21768,Najee Harris,LAC,NO,RB,26,26,5500,0.0
334,23729,Rashid Shaheed,NO,LAC,WR,2,18,5500,0.0
335,25106,AJ Barner,SEA,LV,TE,27,31,5500,0.0
336,24350,Aidan O'Connell,LV,SEA,QB,11,13,5500,0.0
337,25010,Ricky White III,SEA,LV,WR,27,11,5500,0.0
338,23140,Michael Mayer,LV,SEA,TE,11,13,5500,0.0
339,23214,Kenneth Walker III,SEA,LV,RB,27,18,5500,0.0
340,19035,Eric Saubert,SEA,LV,TE,27,31,5500,0.0
341,19976,Marquez Valdes-Scantling,SEA,LV,WR,27,11,5500,0.0
342,26279,Tommy Mellott,LV,SEA,WR,11,19,5500,0.0
343,25894,Jack Bech,LV,SEA,WR,11,19,5500,0.0
344,17217,Raheem Mostert,LV,SEA,RB,11,16,5500,0.0
345,26124,Robbie Ouzts,SEA,LV,RB,27,18,5500,0.0
346,18882,Cooper Kupp,SEA,LV,WR,27,11,5500,0.0
347,23173,Zach Charbonnet,SEA,LV,RB,27,18,5500,0.0
348,24718,Brady Russell,SEA,LV,RB,27,18,5500,0.0
349,26102,Dont'e Thornton Jr.,LV,SEA,WR,11,19,5500,0.0
350,24943,Brock Bowers,LV,SEA,TE,11,13,5500,0.0
351,23624,Dareke Young,SEA,LV,WR,27,11,5500,0.0
352,24177,Tre Tucker,LV,SEA,WR,11,19,5500,0.0
353,22539,Zamir White,LV,SEA,RB,11,16,5500,0.0
354,24373,Kenny McIntosh,SEA,LV,RB,27,18,5500,0.0
355,25882,Jalen Milroe,SEA,LV,QB,27,23,5500,0.0
356,23463,Kyle Philips,LV,SEA,WR,11,19,5500,0.0
357,26275,Nick Kallerup,SEA,LV,TE,27,31,5500,0.0
358,26029,Damien Martinez,SEA,LV,RB,27,18,5500,0.0
359,26032,Elijah Arroyo,SEA,LV,TE,27,31,5500,0.0
360,24989,Tory Horton,SEA,LV,WR,27,11,5500,0.0
361,26254,Cam Miller,LV,SEA,QB,11,13,5500,0.0
362,21730,Collin Johnson,LV,SEA,WR,11,19,5500,0.0
363,26542,Pat Conroy,LV,SEA,TE,11,13,5500,0.0
364,26595,Tyrone Broden,SEA,LV,WR,27,11,5500,0.0
365,26276,Carter Runyon,LV,SEA,TE,11,13,5500,0.0
366,16790,Phillip Dorsett II,LV,SEA,WR,11,19,5500,0.0
367,26600,Marshall Lang,SEA,LV,TE,27,31,5500,0.0
368,19910,Ian Thomas,LV,SEA,TE,11,13,5500,0.0
369,26473,Jacardia Wright,SEA,LV,RB,27,18,5500,0.0
370,20876,Jakobi Meyers,LV,SEA,WR,11,19,5500,0.0
371,20859,Drew Lock,SEA,LV,QB,27,23,5500,0.0
372,25985,Montorie Foster Jr.,SEA,LV,WR,27,11,5500,0.0
373,19812,Sam Darnold,SEA,LV,QB,27,23,5500,0.0
374,25868,Ashton Jeanty,LV,SEA,RB,11,16,5500,0.0
375,26714,DK Kaufman,SEA,LV,RB,27,18,5500,0.0
376,26674,Ketron Jackson Jr.,LV,SEA,WR,11,19,5500,0.0
377,23121,Kayshon Boutte,NE,WAS,WR,14,12,5500,0.0
378,24985,Ben Sinnott,WAS,NE,TE,21,14,5500,0.0
379,19562,Austin Ekeler,WAS,NE,RB,21,30,5500,0.0
380,20873,Terry McLaurin,WAS,NE,WR,21,13,5500,0.0
381,25123,Jack Westover,NE,WAS,TE,14,18,5500,0.0
382,26259,Jacory Croskey-Merritt,WAS,NE,RB,21,30,5500,0.0
383,26271,Brock Lampe,NE,WAS,RB,14,21,5500,0.0
384,24987,Luke McCaffrey,WAS,NE,WR,21,13,5500,0.0
385,26443,Jeremiah Webb,NE,WAS,WR,14,12,5500,0.0
386,25989,Lan Larison,NE,WAS,RB,14,21,5500,0.0
387,19080,Noah Brown,WAS,NE,WR,21,13,5500,0.0
388,19023,Mack Hollins,NE,WAS,WR,14,12,5500,0.0
389,22546,Rhamondre Stevenson,NE,WAS,RB,14,21,5500,0.0
390,23245,TreVeyon Henderson,NE,WAS,RB,14,21,5500,0.0
391,26620,Jacoby Jones,WAS,NE,WR,21,13,5500,0.0
392,23235,Jayden Daniels,WAS,NE,QB,21,15,5500,0.0
393,25329,Gee Scott Jr.,NE,WAS,TE,14,18,5500,0.0
394,25984,CJ Dippre,NE,WAS,TE,14,18,5500,0.0
395,19318,Kendrick Bourne,NE,WAS,WR,14,12,5500,0.0
396,23190,Brian Robinson Jr.,WAS,NE,RB,21,30,5500,0.0
397,16763,Marcus Mariota,WAS,NE,QB,21,15,5500,0.0
398,26106,Andy Borregales,NE,WAS,K,14,11,7600,0.0
399,21728,Lawrence Cager,WAS,NE,TE,21,14,5500,0.0
400,19867,Michael Gallup,WAS,NE,WR,21,13,5500,0.0
401,25912,Kyle Williams,NE,WAS,WR,14,12,5500,0.0
402,16906,Stefon Diggs,NE,WAS,WR,14,12,5500,0.0
403,22138,Tyler Davis,NE,WAS,TE,14,18,5500,0.0
404,22657,John Bates,WAS,NE,TE,21,14,5500,0.0
405,25109,Sam Hartman,WAS,NE,QB,21,15,5500,0.0
406,14856,Zach Ertz,WAS,NE,TE,21,14,5500,0.0
407,25976,Jaylin Lane,WAS,NE,WR,21,13,5500,0.0
408,17975,Hunter Henry,NE,WAS,TE,14,18,5500,0.0
409,17963,Austin Hooper,NE,WAS,TE,14,18,5500,0.0
410,25932,Efton Chism III,NE,WAS,WR,14,12,5500,0.0
411,26089,Ja'Corey Brooks,WAS,NE,WR,21,13,5500,0.0
412,26347,Ben Wooldridge,NE,WAS,QB,14,7,5500,0.0
413,23310,Greg Dulcich,NYG,BUF,TE,12,15,5500,0.0
414,21601,Gunner Olszewski,NYG,BUF,WR,12,15,5500,0.0
415,10333,Graham Gano,NYG,BUF,K,12,3,7600,0.0
416,23247,James Cook,BUF,NYG,RB,20,25,5500,0.0
417,23485,Daniel Bellinger,NYG,BUF,TE,12,15,5500,0.0
418,26349,Dalen Cambre,NYG,BUF,WR,12,15,5500,0.0
419,23170,Wan'Dale Robinson,NYG,BUF,WR,12,15,5500,0.0
420,22206,Reggie Gilliam,BUF,NYG,RB,20,25,5500,0.0
421,22613,Joshua Palmer,BUF,NYG,WR,20,17,5500,0.0
422,20943,Darius Slayton,NYG,BUF,WR,12,15,5500,0.0
423,23227,Khalil Shakir,BUF,NYG,WR,20,17,5500,0.0
424,25092,Tyrone Tracy Jr.,NYG,BUF,RB,12,23,5500,0.0
425,25974,Kaden Prather,BUF,NYG,WR,20,17,5500,0.0
426,18928,Curtis Samuel,BUF,NYG,WR,20,17,5500,0.0
427,20837,Ty Johnson,BUF,NYG,RB,20,25,5500,0.0
428,20850,Dawson Knox,BUF,NYG,TE,20,6,5500,0.0
429,20816,Lil'Jordan Humphrey,NYG,BUF,WR,12,15,5500,0.0
430,26501,Rushawn Baker,NYG,BUF,RB,12,23,5500,0.0
431,18811,Mitchell Trubisky,BUF,NYG,QB,20,20,5500,0.0
432,24125,Jalin Hyatt,NYG,BUF,WR,12,15,5500,0.0
433,24953,Malik Nabers,NYG,BUF,WR,12,15,5500,0.0
434,26055,Thomas Fidone II,NYG,BUF,TE,12,15,5500,0.0
435,24980,Ray Davis,BUF,NYG,RB,20,25,5500,0.0
436,19801,Josh Allen,BUF,NYG,QB,20,20,5500,0.0
437,25979,Da'Quan Felton,NYG,BUF,WR,12,15,5500,0.0
438,26091,Beaux Collins,NYG,BUF,WR,12,15,5500,0.0
439,19172,Zach Pascal,NYG,BUF,WR,12,15,5500,0.0
440,24964,Keon Coleman,BUF,NYG,WR,20,17,5500,0.0
441,24199,Bryce Ford-Wheaton,NYG,BUF,WR,12,15,5500,0.0
442,17762,Chris Manhertz,NYG,BUF,TE,12,15,5500,0.0
443,21158,Matt Sokol,BUF,NYG,TE,20,6,5500,0.0
444,24102,Dalton Kincaid,BUF,NYG,TE,20,6,5500,0.0
445,25972,Jackson Hawes,BUF,NYG,TE,20,6,5500,0.0
446,26082,Jaxson Dart,NYG,BUF,QB,12,8,5500,0.0
447,23195,Eric Gray,NYG,BUF,RB,12,23,5500,0.0
448,26396,Keleki Latu,BUF,NYG,TE,20,6,5500,0.0
449,25887,Cam Skattebo,NYG,BUF,RB,12,23,5500,0.0
450,20941,Devin Singletary,NYG,BUF,RB,12,23,5500,0.0
451,26374,Stephen Gosnell,BUF,NYG,WR,20,17,5500,0.0
452,26081,Antwane Wells Jr.,NYG,BUF,WR,12,15,5500,0.0
453,26373,Kelly Akharaiyi,BUF,NYG,WR,20,17,5500,0.0
454,23142,Theo Johnson,NYG,BUF,TE,12,15,5500,0.0
455,26568,Jordan Bly,NYG,BUF,WR,12,15,5500,0.0
456,26616,Jermaine Terry II,NYG,BUF,TE,12,15,5500,0.0
457,23167,Romeo Doubs,GB,NYJ,WR,10,7,5500,0.0
458,24934,Braelon Allen,NYJ,GB,RB,3,15,5500,0.0
459,25755,Donovan Edwards,NYJ,GB,RB,3,15,5500,0.0
460,25922,Matthew Golden,GB,NYJ,WR,10,7,5500,0.0
461,21841,Jordan Love,GB,NYJ,QB,10,14,5500,0.0
462,24562,Johnny Lumpkin,GB,NYJ,TE,10,8,5500,0.0
463,21675,Tyler Johnson,NYJ,GB,WR,3,4,5500,0.0
464,12831,Tyrod Taylor,NYJ,GB,QB,3,3,5500,0.0
465,20824,Josh Jacobs,GB,NYJ,RB,10,13,5500,0.0
466,26493,Amar Johnson,GB,NYJ,RB,10,13,5500,0.0
467,19017,Josh Reynolds,NYJ,GB,WR,3,4,5500,0.0
468,23253,Dontayvion Wicks,GB,NYJ,WR,10,7,5500,0.0
469,25981,Dymere Miller,NYJ,GB,WR,3,4,5500,0.0
470,26026,Taylor Elgersma,GB,NYJ,QB,10,14,5500,0.0
471,26057,Arian Smith,NYJ,GB,WR,3,4,5500,0.0
472,24472,Xavier Gipson,NYJ,GB,WR,3,4,5500,0.0
473,23211,MarShawn Lloyd,GB,NYJ,RB,10,13,5500,0.0
474,26090,Sam Brown Jr.,GB,NYJ,WR,10,7,5500,0.0
475,21227,Andrew Beck,NYJ,GB,RB,3,15,5500,0.0
476,25983,Will Sheppard,GB,NYJ,WR,10,7,5500,0.0
477,26084,Brady Cook,NYJ,GB,QB,3,3,5500,0.0
478,25913,Jamaal Pritchett,NYJ,GB,WR,3,4,5500,0.0
479,22676,Kene Nwangwu,NYJ,GB,RB,3,15,5500,0.0
480,26105,Savion Williams,GB,NYJ,WR,10,7,5500,0.0
481,26715,Lawrance Toafili,NYJ,GB,RB,3,15,5500,0.0
482,24533,Ben Sims,GB,NYJ,TE,10,8,5500,0.0
483,25652,Julian Hicks,GB,NYJ,WR,10,7,5500,0.0
484,23644,Stone Smartt,NYJ,GB,TE,3,20,5500,0.0
485,25980,Quentin Skinner,NYJ,GB,WR,3,4,5500,0.0
486,22526,Breece Hall,NYJ,GB,RB,3,15,5500,0.0
487,23233,Jayden Reed,GB,NYJ,WR,10,7,5500,0.0
488,25563,Neal Johnson,NYJ,GB,TE,3,20,5500,0.0
489,23192,Chris Brooks,GB,NYJ,RB,10,13,5500,0.0
490,22521,Jeremy Ruckert,NYJ,GB,TE,3,20,5500,0.0
491,23962,Irvin Charles,NYJ,GB,WR,3,4,5500,0.0
492,24594,Ontaria Wilson,NYJ,GB,WR,3,4,5500,0.0
493,24150,Luke Musgrave,GB,NYJ,TE,10,8,5500,0.0
494,25963,Mason Taylor,NYJ,GB,TE,3,20,5500,0.0
495,24118,Tucker Kraft,GB,NYJ,TE,10,8,5500,0.0
496,25064,Isaiah Davis,NYJ,GB,RB,3,15,5500,0.0
497,25567,Messiah Swinson,GB,NYJ,TE,10,8,5500,0.0
498,23122,Garrett Wilson,NYJ,GB,WR,3,4,5500,0.0
499,20145,Allen Lazard,NYJ,GB,WR,3,4,5500,0.0
500,23395,Christian Watson,GB,NYJ,WR,10,7,5500,0.0
501,26291,Jalen White,GB,NYJ,RB,10,13,5500,0.0
502,21804,DeeJay Dallas,ARI,KC,RB,5,2,5500,0.0
503,24974,Marvin Harrison Jr.,ARI,KC,WR,5,16,5500,0.0
504,25910,Elijhah Badger,KC,ARI,WR,17,9,5500,0.0
505,22553,Michael Carter,ARI,KC,RB,5,2,5500,0.0
506,15048,Travis Kelce,KC,ARI,TE,17,2,5500,0.0
507,25936,Mac Dalena,KC,ARI,WR,17,9,5500,0.0
508,25911,Jalen Royals,KC,ARI,WR,17,9,5500,0.0
509,22560,Keaontay Ingram,KC,ARI,RB,17,24,5500,0.0
510,18944,Kareem Hunt,KC,ARI,RB,17,24,5500,0.0
511,20889,Kyler Murray,ARI,KC,QB,5,19,5500,0.0
512,26484,Tre Watson,KC,ARI,TE,17,2,5500,0.0
513,18890,Patrick Mahomes,KC,ARI,QB,17,16,5500,0.0
514,26490,Elijah Young,KC,ARI,RB,17,24,5500,0.0
515,26368,Hal Presley,KC,ARI,WR,17,9,5500,0.0
516,20880,Gardner Minshew,KC,ARI,QB,17,16,5500,0.0
517,18883,JuJu Smith-Schuster,KC,ARI,WR,17,9,5500,0.0
518,21071,Greg Dortch,ARI,KC,WR,5,16,5500,0.0
519,23251,Trey McBride,ARI,KC,TE,5,27,5500,0.0
520,24292,Trey Benson,ARI,KC,RB,5,2,5500,0.0
521,24449,Elijah Higgins,ARI,KC,TE,5,27,5500,0.0
522,25899,Brashard Smith,KC,ARI,RB,17,24,5500,0.0
523,19491,Robert Tonyan,KC,ARI,TE,17,2,5500,0.0
524,22535,Elijah Mitchell,KC,ARI,RB,17,24,5500,0.0
525,25112,Jared Wiley,KC,ARI,TE,17,2,5500,0.0
526,26412,Oscar Cardenas,ARI,KC,TE,5,27,5500,0.0
527,26657,Jimmy Holiday,KC,ARI,WR,17,9,5500,0.0
528,18926,Zay Jones,ARI,KC,WR,5,16,5500,0.0
529,21045,Marquise Brown,KC,ARI,WR,17,9,5500,0.0
530,23168,Skyy Moore,KC,ARI,WR,17,9,5500,0.0
531,23267,Bailey Zappe,KC,ARI,QB,17,16,5500,0.0
532,23371,Isiah Pacheco,KC,ARI,RB,17,24,5500,0.0
533,24120,Rashee Rice,KC,ARI,WR,17,9,5500,0.0
534,24173,Michael Wilson,ARI,KC,WR,5,16,5500,0.0
535,25141,Tip Reiman,ARI,KC,TE,5,27,5500,0.0
536,24609,Emari Demercado,ARI,KC,RB,5,2,5500,0.0
537,24924,Xavier Worthy,KC,ARI,WR,17,9,5500,0.0
538,25852,Geor'quarius Spivey,KC,ARI,TE,17,2,5500,0.0
539,18983,James Conner,ARI,KC,RB,5,2,5500,0.0
540,21798,Josiah Deguara,ARI,KC,TE,5,27,5500,0.0
541,24444,Travis Vokolek,ARI,KC,TE,5,27,5500,0.0
542,25969,Jake Briningstool,KC,ARI,TE,17,2,5500,0.0
543,26411,Bryson Green,ARI,KC,WR,5,16,5500,0.0
544,21785,Noah Gray,KC,ARI,TE,17,2,5500,0.0
545,14871,Robert Woods,PIT,JAX,WR,31,30,5500,0.0
546,22511,Quintin Morris,JAX,PIT,TE,6,24,5500,0.0
547,23136,Darnell Washington,PIT,JAX,TE,31,26,5500,0.0
548,23487,Connor Heyward,PIT,JAX,TE,31,26,5500,0.0
549,20703,John Wolford,JAX,PIT,QB,6,6,5500,0.0
550,18990,Jonnu Smith,PIT,JAX,TE,31,26,5500,0.0
551,25884,Will Howard,PIT,JAX,QB,31,29,5500,0.0
552,26040,Kaleb Johnson,PIT,JAX,RB,31,31,5500,0.0
553,22562,Kenneth Gainwell,PIT,JAX,RB,31,31,5500,0.0
554,2593,Aaron Rodgers,PIT,JAX,QB,31,29,5500,0.0
555,26395,JJ Galbreath,PIT,JAX,TE,31,26,5500,0.0
556,19165,Johnny Mundt,JAX,PIT,TE,6,24,5500,0.0
557,22686,Dyami Brown,JAX,PIT,WR,6,14,5500,0.0
558,25898,Bhayshul Tuten,JAX,PIT,RB,6,10,5500,0.0
559,26394,Ke'Shawn Williams,PIT,JAX,WR,31,30,5500,0.0
560,26056,Travis Hunter,JAX,PIT,WR,6,14,5500,0.0
561,22507,Pat Freiermuth,PIT,JAX,TE,31,26,5500,0.0
562,19330,Nick Mullens,JAX,PIT,QB,6,6,5500,0.0
563,20437,J.J. Jones,JAX,PIT,WR,6,14,5500,0.0
564,21801,Trey Sermon,PIT,JAX,RB,31,31,5500,0.0
565,22566,Calvin Austin III,PIT,JAX,WR,31,30,5500,0.0
566,23479,Jaylen Warren,PIT,JAX,RB,31,31,5500,0.0
567,26458,Chandler Brayboy,JAX,PIT,WR,6,14,5500,0.0
568,26465,Eli Pancol,JAX,PIT,WR,6,14,5500,0.0
569,26611,Dorian Singer,JAX,PIT,WR,6,14,5500,0.0
570,25901,Ja'Quinden Jackson,JAX,PIT,RB,6,10,5500,0.0
571,26100,Roc Taylor,PIT,JAX,WR,31,30,5500,0.0
572,26679,Max Hurleman,PIT,JAX,RB,31,31,5500,0.0
573,26610,Darius Lassiter,JAX,PIT,WR,6,14,5500,0.0
574,25662,Shawn Bowman,JAX,PIT,TE,6,24,5500,0.0
575,25986,LeQuint Allen Jr.,JAX,PIT,RB,6,10,5500,0.0
576,26424,Cam Camper,JAX,PIT,WR,6,14,5500,0.0
577,21263,Trenton Irwin,JAX,PIT,WR,6,14,5500,0.0
578,22509,Hunter Long,JAX,PIT,TE,6,24,5500,0.0
579,23966,Lance McCutcheon,PIT,JAX,WR,31,30,5500,0.0
580,26058,Seth Henigan,JAX,PIT,QB,6,6,5500,0.0
581,26463,Patrick Herbert,JAX,PIT,TE,6,24,5500,0.0
582,25039,Roman Wilson,PIT,JAX,WR,31,30,5500,0.0
583,20905,Donald Parham Jr.,PIT,JAX,TE,31,26,5500,0.0
584,26352,DJ Thomas-Jones,PIT,JAX,RB,31,31,5500,0.0
585,26461,John Copenhaver,JAX,PIT,TE,6,24,5500,0.0
586,24116,Blake Corum,LAR,DAL,RB,30,20,5500,0.0
587,24172,Puka Nacua,LAR,DAL,WR,30,27,5500,0.0
588,26038,Jaydon Blue,DAL,LAR,RB,25,14,5500,0.0
589,9038,Matthew Stafford,LAR,DAL,QB,30,30,5500,0.0
590,21679,CeeDee Lamb,DAL,LAR,WR,25,21,5500,0.0
591,25005,Drake Stoops,LAR,DAL,WR,30,27,5500,0.0
592,25917,Josh Kelly,DAL,LAR,WR,25,21,5500,0.0
593,22558,Javonte Williams,DAL,LAR,RB,25,14,5500,0.0
594,22602,Tutu Atwell,LAR,DAL,WR,30,27,5500,0.0
595,24148,Davis Allen,LAR,DAL,TE,30,11,5500,0.0
596,22547,Ronnie Rivers,LAR,DAL,RB,30,20,5500,0.0
597,26535,Mario Williams,LAR,DAL,WR,30,27,5500,0.0
598,16470,Davante Adams,LAR,DAL,WR,30,27,5500,0.0
599,16041,Jimmy Garoppolo,LAR,DAL,QB,30,30,5500,0.0
600,24278,Hunter Luepke,DAL,LAR,RB,25,14,5500,0.0
601,26557,Anthony Torres,LAR,DAL,TE,30,11,5500,0.0
602,24397,Jalen Brooks,DAL,LAR,WR,25,21,5500,0.0
603,25001,Konata Mumpfield,LAR,DAL,WR,30,27,5500,0.0
604,26273,Rivaldo Fairweather,DAL,LAR,TE,25,29,5500,0.0
605,26512,Tyler Neville,DAL,LAR,TE,25,29,5500,0.0
606,23212,Kyren Williams,LAR,DAL,RB,30,20,5500,0.0
607,26556,Mark Redman,LAR,DAL,TE,30,11,5500,0.0
608,18032,Tyler Higbee,LAR,DAL,TE,30,11,5500,0.0
609,21807,Colby Parkinson,LAR,DAL,TE,30,11,5500,0.0
610,25955,Phil Mafah,DAL,LAR,RB,25,14,5500,0.0
611,25970,Terrance Ferguson,LAR,DAL,TE,30,11,5500,0.0
612,24351,Stetson Bennett,LAR,DAL,QB,30,30,5500,0.0
613,24990,Jarquez Hunter,LAR,DAL,RB,30,20,5500,0.0
614,26533,Jordan Waters,LAR,DAL,RB,30,20,5500,0.0
615,23138,Jake Ferguson,DAL,LAR,TE,25,29,5500,0.0
616,23302,Britain Covey,LAR,DAL,WR,30,27,5500,0.0
617,26356,Tru Edwards,LAR,DAL,WR,30,27,5500,0.0
618,22597,Jalen Tolbert,DAL,LAR,WR,25,21,5500,0.0
619,18055,Dak Prescott,DAL,LAR,QB,25,25,5500,0.0
620,26531,Brennan Presley,LAR,DAL,WR,30,27,5500,0.0
621,26348,Dontae Fleming,MIN,HOU,WR,15,25,5500,0.0
622,25873,Luke Lachey,HOU,MIN,TE,8,9,5500,0.0
623,25978,Daniel Jackson,HOU,MIN,WR,8,32,5500,0.0
624,21685,Justin Jefferson,MIN,HOU,WR,15,25,5500,0.0
625,22506,Brevin Jordan,HOU,MIN,TE,8,9,5500,0.0
626,23239,C.J. Stroud,HOU,MIN,QB,8,4,5500,0.0
627,20038,Braxton Berrios,HOU,MIN,WR,8,32,5500,0.0
628,18858,Joe Mixon,HOU,MIN,RB,8,8,5500,0.0
629,20805,T.J. Hockenson,MIN,HOU,TE,15,19,5500,0.0
630,26430,Myles Price,MIN,HOU,WR,15,25,5500,0.0
631,19920,Dalton Schultz,HOU,MIN,TE,8,9,5500,0.0
632,25958,Silas Bolden,MIN,HOU,WR,15,25,5500,0.0
633,26086,Graham Mertz,HOU,MIN,QB,8,4,5500,0.0
634,26357,Robert Lewis,MIN,HOU,WR,15,25,5500,0.0
635,25924,Tai Felton,MIN,HOU,WR,15,25,5500,0.0
636,18652,C.J. Ham,MIN,HOU,RB,15,6,5500,0.0
637,25107,Bryson Nesbit,MIN,HOU,TE,15,19,5500,0.0
638,24176,Tank Dell,HOU,MIN,WR,8,32,5500,0.0
639,23223,Dameon Pierce,HOU,MIN,RB,8,8,5500,0.0
640,23162,Jordan Addison,MIN,HOU,WR,15,25,5500,0.0
641,25942,Woody Marks,HOU,MIN,RB,8,8,5500,0.0
642,26267,Tre Stewart,MIN,HOU,RB,15,6,5500,0.0
643,26274,Ben Yurosek,MIN,HOU,TE,15,19,5500,0.0
644,24598,Jared Wayne,HOU,MIN,WR,8,32,5500,0.0
645,25914,Jaylin Noel,HOU,MIN,WR,8,32,5500,0.0
646,19798,Nick Chubb,HOU,MIN,RB,8,8,5500,0.0
647,20899,Josh Oliver,MIN,HOU,TE,15,19,5500,0.0
648,26094,Jayden Higgins,HOU,MIN,WR,8,32,5500,0.0
649,19045,Aaron Jones,MIN,HOU,RB,15,6,5500,0.0
650,21852,Ty Chandler,MIN,HOU,RB,15,6,5500,0.0
651,22626,Rondale Moore,MIN,HOU,WR,15,25,5500,0.0
652,23368,Jalen Nailor,MIN,HOU,WR,15,25,5500,0.0
653,24572,Thayer Thomas,MIN,HOU,WR,15,25,5500,0.0
654,26083,Max Brosmer,MIN,HOU,QB,15,18,5500,0.0
655,21100,Jakob Johnson,HOU,MIN,RB,8,8,5500,0.0
656,24986,Cade Stover,HOU,MIN,TE,8,9,5500,0.0
657,22505,Davis Mills,HOU,MIN,QB,8,4,5500,0.0
658,19922,Justin Watson,HOU,MIN,WR,8,32,5500,0.0
659,19815,Christian Kirk,HOU,MIN,WR,8,32,5500,0.0
660,19626,Dare Ogunbowale,HOU,MIN,RB,8,8,5500,0.0
661,21756,Nico Collins,HOU,MIN,WR,8,32,5500,0.0
662,26335,Junior Bergen,SF,DEN,WR,4,5,5500,0.0
663,19064,Trent Taylor,SF,DEN,WR,4,5,5500,0.0
664,26370,Joaquin Davis,DEN,SF,WR,18,8,5500,0.0
665,18047,Demarcus Robinson,SF,DEN,WR,4,5,5500,0.0
666,14901,Kyle Juszczyk,SF,DEN,RB,4,12,5500,0.0
667,25968,Corey Kiner,SF,DEN,RB,4,12,5500,0.0
668,25069,Bo Nix,DEN,SF,QB,18,11,5500,0.0
669,18877,Christian McCaffrey,SF,DEN,RB,4,12,5500,0.0
670,25975,Pat Bryant,DEN,SF,WR,18,8,5500,0.0
671,26103,Jordan Watkins,SF,DEN,WR,4,5,5500,0.0
672,25944,RJ Harvey,DEN,SF,RB,18,27,5500,0.0
673,21674,J.K. Dobbins,DEN,SF,RB,18,27,5500,0.0
674,24341,Malik Knowles,SF,DEN,WR,4,5,5500,0.0
675,20361,Ross Dwelley,SF,DEN,TE,4,10,5500,0.0
676,21717,Jauan Jennings,SF,DEN,WR,4,5,5500,0.0
677,25915,Jerjuan Newton,DEN,SF,WR,18,8,5500,0.0
678,24982,Ricky Pearsall,SF,DEN,WR,4,5,5500,0.0
679,26688,Kyrese Rowan,DEN,SF,WR,18,8,5500,0.0
680,25973,Caden Prieskorn,DEN,SF,TE,18,7,5500,0.0
681,26097,Isaiah Neyor,SF,DEN,WR,4,5,5500,0.0
682,21795,Luke Farrell,SF,DEN,TE,4,10,5500,0.0
683,16928,Michael Burton,DEN,SF,RB,18,27,5500,0.0
684,24349,A.T. Perry,DEN,SF,WR,18,8,5500,0.0
685,25320,Mason Pline,SF,DEN,TE,4,10,5500,0.0
686,25903,Jordan James,SF,DEN,RB,4,12,5500,0.0
687,26087,Kurtis Rourke,SF,DEN,QB,4,9,5500,0.0
688,25414,Terique Owens,SF,DEN,WR,4,5,5500,0.0
689,23165,Marvin Mims Jr.,DEN,SF,WR,18,8,5500,0.0
690,24311,Jaleel McLaughlin,DEN,SF,RB,18,27,5500,0.0
691,26333,Caleb Lohner,DEN,SF,TE,18,7,5500,0.0
692,26403,Courtney Jackson,DEN,SF,WR,18,8,5500,0.0
693,20006,Russell Gage Jr.,SF,DEN,WR,4,5,5500,0.0
694,21786,Adam Trautman,DEN,SF,TE,18,7,5500,0.0
695,19800,Courtland Sutton,DEN,SF,WR,18,8,5500,0.0
696,21747,Brandon Aiyuk,SF,DEN,WR,4,5,5500,0.0
697,26399,Tyler Kahmann,IND,BAL,WR,19,28,5500,0.0
698,14986,DeAndre Hopkins,BAL,IND,WR,28,20,5500,0.0
699,24922,Ajou Ajou,IND,BAL,WR,19,28,5500,0.0
700,26474,Xavier Guillory,BAL,IND,WR,28,20,5500,0.0
701,20071,Keith Kirkwood,BAL,IND,WR,28,20,5500,0.0
702,26104,LaJohntay Wester,BAL,IND,WR,28,20,5500,0.0
703,26502,Blayne Taylor,IND,BAL,WR,19,28,5500,0.0
704,20802,Justice Hill,BAL,IND,RB,28,22,5500,0.0
705,22623,Rashod Bateman,BAL,IND,WR,28,20,5500,0.0
706,23120,Zay Flowers,BAL,IND,WR,28,20,5500,0.0
707,21473,D.J. Montgomery,IND,BAL,WR,19,28,5500,0.0
708,22563,Khalil Herbert,IND,BAL,RB,19,4,5500,0.0
709,19781,Lamar Jackson,BAL,IND,QB,28,21,5500,0.0
710,23490,Jelani Woods,IND,BAL,TE,19,23,5500,0.0
711,24214,Keaton Mitchell,BAL,IND,RB,28,22,5500,0.0
712,25045,Rasheen Ali,BAL,IND,RB,28,22,5500,0.0
713,26560,Maximilian Mang,IND,BAL,TE,19,23,5500,0.0
714,19461,Cooper Rush,BAL,IND,QB,28,21,5500,0.0
715,26576,Jahmal Banks,BAL,IND,WR,28,20,5500,0.0
716,26583,Sam Pitz,BAL,IND,TE,28,30,5500,0.0
717,18900,Mo Alie-Cox,IND,BAL,TE,19,23,5500,0.0
718,19209,Patrick Ricard,BAL,IND,RB,28,22,5500,0.0
719,20841,Daniel Jones,IND,BAL,QB,19,24,5500,0.0
720,23256,Isaiah Likely,BAL,IND,TE,28,30,5500,0.0
721,25900,DJ Giddens,IND,BAL,RB,19,4,5500,0.0
722,23608,Drew Ogletree,IND,BAL,TE,19,23,5500,0.0
723,25967,Ulysses Bentley IV,IND,BAL,RB,19,4,5500,0.0
724,26546,Marcus Major Jr.,BAL,IND,RB,28,22,5500,0.0
725,26489,Landon Parker,IND,BAL,WR,19,28,5500,0.0
726,24145,Josh Downs,IND,BAL,WR,19,28,5500,0.0
727,25893,Coleman Owen,IND,BAL,WR,19,28,5500,0.0
728,21794,Albert Okwuegbunam Jr.,IND,BAL,TE,19,23,5500,0.0
729,24992,Riley Leonard,IND,BAL,QB,19,24,5500,0.0
730,25874,Tyler Warren,IND,BAL,TE,19,23,5500,0.0
731,17959,Derrick Henry,BAL,IND,RB,28,22,5500,0.0
732,21843,Salvon Ahmed,IND,BAL,RB,19,4,5500,0.0
733,19803,Mark Andrews,BAL,IND,TE,28,30,5500,0.0
734,26691,Lucas Scott,BAL,IND,RB,28,22,5500,0.0
735,26702,Ife Adeyi,PHI,CIN,WR,24,10,5500,0.0
736,23155,Jahan Dotson,PHI,CIN,WR,24,10,5500,0.0
737,18993,Samaje Perine,CIN,PHI,RB,1,1,5500,0.0
738,20506,Tanner Hudson,CIN,PHI,TE,1,4,5500,0.0
739,21802,A.J. Dillon,PHI,CIN,RB,24,19,5500,0.0
740,25895,Giles Jackson,PHI,CIN,WR,24,10,5500,0.0
741,26378,Jamoi Mayes,CIN,PHI,WR,1,6,5500,0.0
742,25014,Tanner McLachlan,CIN,PHI,TE,1,4,5500,0.0
743,19863,Dallas Goedert,PHI,CIN,TE,24,32,5500,0.0
744,23573,Danny Gray,PHI,CIN,WR,24,10,5500,0.0
745,26379,Rashod Owens,CIN,PHI,WR,1,6,5500,0.0
746,26551,Quali Conley,CIN,PHI,RB,1,1,5500,0.0
747,25208,Erick All Jr.,CIN,PHI,TE,1,4,5500,0.0
748,21783,Harrison Bryant,PHI,CIN,TE,24,32,5500,0.0
749,22564,Ja'Marr Chase,CIN,PHI,WR,1,6,5500,0.0
750,22925,Avery Williams,PHI,CIN,WR,24,10,5500,0.0
751,23996,Kendric Pryor,CIN,PHI,WR,1,6,5500,0.0
752,24644,Ben VanSumeren,PHI,CIN,RB,24,19,5500,0.0
753,25940,Shunderrick Powell,PHI,CIN,RB,24,19,5500,0.0
754,21046,Jake Browning,CIN,PHI,QB,1,5,5500,0.0
755,21687,DeVonta Smith,PHI,CIN,WR,24,10,5500,0.0
756,21042,A.J. Brown,PHI,CIN,WR,24,10,5500,0.0
757,24119,Andrei Iosivas,CIN,PHI,WR,1,6,5500,0.0
758,26085,Kyle McCord,PHI,CIN,QB,24,26,5500,0.0
759,26088,Montrell Johnson Jr.,PHI,CIN,RB,24,19,5500,0.0
760,26343,Jordan Moore,CIN,PHI,WR,1,6,5500,0.0
761,26344,Payton Thorne,CIN,PHI,QB,1,5,5500,0.0
762,23621,Nick Muse,PHI,CIN,TE,24,32,5500,0.0
763,19853,Mike Gesicki,CIN,PHI,TE,1,4,5500,0.0
764,21693,Joe Burrow,CIN,PHI,QB,1,5,5500,0.0
765,25102,Will Shipley,PHI,CIN,RB,24,19,5500,0.0
766,20931,Drew Sample,CIN,PHI,TE,1,4,5500,0.0
767,19766,Saquon Barkley,PHI,CIN,RB,24,19,5500,0.0
768,24374,Chase Brown,CIN,PHI,RB,1,1,5500,0.0
769,25120,Keilan Robinson,PHI,CIN,RB,24,19,5500,0.0
770,25307,Darius Cooper,PHI,CIN,WR,24,10,5500,0.0
771,26278,Kole Taylor,CIN,PHI,TE,1,4,5500,0.0
772,26471,Taylor Morin,PHI,CIN,WR,24,10,5500,0.0
773,21690,Tee Higgins,CIN,PHI,WR,1,6,5500,0.0
774,24325,Johnny Wilson,PHI,CIN,WR,24,10,5500,0.0
775,25949,Tahj Brooks,CIN,PHI,RB,1,1,5500,0.0
776,21831,Jalen Hurts,PHI,CIN,QB,24,26,5500,0.0
777,23486,Grant Calcaterra,PHI,CIN,TE,24,32,5500,0.0
778,26044,Luther Burden III,CHI,MIA,WR,7,3,5500,0.0
779,20868,Alexander Mattison,MIA,CHI,RB,16,29,5500,0.0
780,23169,Theo Wease Jr.,MIA,CHI,WR,16,2,5500,0.0
781,23325,Erik Ezukanma,MIA,CHI,WR,16,2,5500,0.0
782,21677,Tua Tagovailoa,MIA,CHI,QB,16,1,5500,0.0
783,25953,Ollie Gordon II,MIA,CHI,RB,16,29,5500,0.0
784,26377,Jonathan Kim,CHI,MIA,K,7,28,7600,0.0
785,19943,Durham Smythe,CHI,MIA,TE,7,21,5500,0.0
786,21142,Olamide Zaccheaus,CHI,MIA,WR,7,3,5500,0.0
787,22598,Jaylen Waddle,MIA,CHI,WR,16,2,5500,0.0
788,24179,De'Von Achane,MIA,CHI,RB,16,29,5500,0.0
789,24977,Rome Odunze,CHI,MIA,WR,7,3,5500,0.0
790,25869,Colston Loveland,CHI,MIA,TE,7,21,5500,0.0
791,25905,Andrew Armstrong,MIA,CHI,WR,16,2,5500,0.0
792,26048,Quinn Ewers,MIA,CHI,QB,16,1,5500,0.0
793,18082,Tyreek Hill,MIA,CHI,WR,16,2,5500,0.0
794,25952,Kyle Monangai,CHI,MIA,RB,7,17,5500,0.0
795,19304,Pharaoh Brown,MIA,CHI,TE,16,22,5500,0.0
796,16964,Darren Waller,MIA,CHI,TE,16,22,5500,0.0
797,21684,D'Andre Swift,CHI,MIA,RB,7,17,5500,0.0
798,24463,Julian Hill,MIA,CHI,TE,16,22,5500,0.0
799,26375,JP Richardson,CHI,MIA,WR,7,3,5500,0.0
800,19844,DJ Moore,CHI,MIA,WR,7,3,5500,0.0
801,26537,Monaray Baldwin,MIA,CHI,WR,16,2,5500,0.0
802,21278,Stephen Carlson,CHI,MIA,TE,7,21,5500,0.0
803,20819,Alec Ingold,MIA,CHI,RB,16,29,5500,0.0
804,26116,Jalin Conyers,MIA,CHI,TE,16,22,5500,0.0
805,25199,Tahj Washington,MIA,CHI,WR,16,2,5500,0.0
806,24372,Roschon Johnson,CHI,MIA,RB,7,17,5500,0.0
807,26550,Deion Hankins,CHI,MIA,RB,7,17,5500,0.0
808,24927,Caleb Williams,CHI,MIA,QB,7,2,5500,0.0
809,26476,Jahdae Walker,CHI,MIA,WR,7,3,5500,0.0
810,23737,Tanner Conner,MIA,CHI,TE,16,22,5500,0.0
811,26538,A.J. Henning,MIA,CHI,WR,16,2,5500,0.0
812,21772,Cole Kmet,CHI,MIA,TE,7,21,5500,0.0
813,25920,Jakobie Keeney-James,DET,ATL,WR,29,29,5500,0.0
814,19961,Ray-Ray McCloud III,ATL,DET,WR,9,24,5500,0.0
815,25937,Nick Nash,ATL,DET,WR,9,24,5500,0.0
816,22514,Kenny Yeboah,DET,ATL,TE,29,16,5500,0.0
817,21169,Malik Taylor,DET,ATL,WR,29,29,5500,0.0
818,23151,Drake London,ATL,DET,WR,9,24,5500,0.0
819,14252,Kirk Cousins,ATL,DET,QB,9,22,5500,0.0
820,23189,Bijan Robinson,ATL,DET,RB,9,7,5500,0.0
821,19207,Tim Patrick,DET,ATL,WR,29,29,5500,0.0
822,19816,DJ Chark,ATL,DET,WR,9,24,5500,0.0
823,22508,Kyle Pitts Sr.,ATL,DET,TE,9,1,5500,0.0
824,23234,Jameson Williams,DET,ATL,WR,29,29,5500,0.0
825,22627,Ronnie Bell,DET,ATL,WR,29,29,5500,0.0
826,22119,Charlie Woerner,ATL,DET,TE,9,1,5500,0.0
827,18422,Kalif Raymond,DET,ATL,WR,29,29,5500,0.0
828,17922,Jared Goff,DET,ATL,QB,29,31,5500,0.0
829,20679,KhaDarel Hodge,ATL,DET,WR,9,24,5500,0.0
830,20882,David Montgomery,DET,ATL,RB,29,9,5500,0.0
831,23010,Brock Wright,DET,ATL,TE,29,16,5500,0.0
832,26338,Quincy Skinner Jr.,ATL,DET,WR,9,24,5500,0.0
833,22587,Amon-Ra St. Brown,DET,ATL,WR,29,29,5500,0.0
834,23355,Teagan Quitoriano,ATL,DET,TE,9,1,5500,0.0
835,21961,Darnell Mooney,ATL,DET,WR,9,24,5500,0.0
836,24930,Sione Vaki,DET,ATL,RB,29,9,5500,0.0
837,19044,Jamal Agnew,ATL,DET,WR,9,24,5500,0.0
838,23250,Tyler Allgeier,ATL,DET,RB,9,7,5500,0.0
839,23415,Nikola Kalinic,ATL,DET,TE,9,1,5500,0.0
840,26479,Kye Robichaux,DET,ATL,RB,29,9,5500,0.0
841,23141,Sam LaPorta,DET,ATL,TE,29,16,5500,0.0
842,26289,Nathan Carter,ATL,DET,RB,9,7,5500,0.0
843,26526,Zach Horton,DET,ATL,TE,29,16,5500,0.0
844,21556,Tom Kennedy,DET,ATL,WR,29,29,5500,0.0
845,26117,Joshua Simon,ATL,DET,TE,9,1,5500,0.0
846,23200,Jahmyr Gibbs,DET,ATL,RB,29,9,5500,0.0
847,23242,Michael Penix Jr.,ATL,DET,QB,9,22,5500,0.0
848,611,Joe Flacco,CLE,CAR,QB,32,32,5500,0.0
849,26108,Ryan Fitzgerald,CAR,CLE,K,23,12,7600,0.0
850,25982,Jimmy Horn Jr.,CAR,CLE,WR,23,31,5500,0.0
851,25875,Mitchell Evans,CAR,CLE,TE,23,17,5500,0.0
852,21952,Rico Dowdle,CAR,CLE,RB,23,11,5500,0.0
853,23177,Dillon Gabriel,CLE,CAR,QB,32,32,5500,0.0
854,25870,Harold Fannin Jr.,CLE,CAR,TE,32,28,5500,0.0
855,26054,Tetairoa McMillan,CAR,CLE,WR,23,31,5500,0.0
856,20924,Hunter Renfrow,CAR,CLE,WR,23,31,5500,0.0
857,26672,Luke Floriea,CLE,CAR,WR,32,23,5500,0.0
858,12841,Andy Dalton,CAR,CLE,QB,23,27,5500,0.0
859,26093,Jacolby George,CAR,CLE,WR,23,31,5500,0.0
860,26414,Ahmani Marshall,CLE,CAR,RB,32,32,5500,0.0
861,18857,Deshaun Watson,CLE,CAR,QB,32,32,5500,0.0
862,22407,Tyler Mabry,CAR,CLE,TE,23,17,5500,0.0
863,23298,Raheem Blackshear,CAR,CLE,RB,23,11,5500,0.0
864,24318,Toa Taua,CLE,CAR,RB,32,32,5500,0.0
865,26684,Cade McDonald,CLE,CAR,WR,32,23,5500,0.0
866,24575,Andre Szmyt,CLE,CAR,K,32,32,7600,0.0
867,23148,David Bell,CLE,CAR,WR,32,23,5500,0.0
868,23105,Sal Cannella,CLE,CAR,TE,32,28,5500,0.0
869,23218,Pierre Strong Jr.,CLE,CAR,RB,32,32,5500,0.0
870,22524,James Mitchell,CAR,CLE,TE,23,17,5500,0.0
871,25946,Quinshon Judkins,CLE,CAR,RB,32,32,5500,0.0
872,18876,David Njoku,CLE,CAR,TE,32,28,5500,0.0
873,25003,Xavier Legette,CAR,CLE,WR,23,31,5500,0.0
874,25889,Dylan Sampson,CLE,CAR,RB,32,32,5500,0.0
875,26713,Winston Wright,CLE,CAR,WR,32,23,5500,0.0
876,26520,Kayron Lynch-Adams,CAR,CLE,RB,23,11,5500,0.0
877,26079,Shedeur Sanders,CLE,CAR,QB,32,32,5500,0.0
878,26422,Gage Larvadain,CLE,CAR,WR,32,23,5500,0.0
879,21692,Jerry Jeudy,CLE,CAR,WR,32,23,5500,0.0
880,25948,Trevor Etienne,CAR,CLE,RB,23,11,5500,0.0
881,26664,Ja'Seem Reed,CAR,CLE,WR,23,31,5500,0.0
882,26475,Bryce Pierre,CAR,CLE,TE,23,17,5500,0.0
883,26547,Kisean Johnson,CLE,CAR,WR,32,23,5500,0.0
884,24554,T.J. Luther,CAR,CLE,WR,23,31,5500,0.0
885,24944,Jonathon Brooks,CAR,CLE,RB,23,11,5500,0.0
886,25977,Kobe Hudson,CAR,CLE,WR,23,31,5500,0.0
887,22662,Tommy Tremble,CAR,CLE,TE,23,17,5500,0.0
888,25904,Kalel Mullings,TEN,TB,RB,22,5,5500,0.0
889,16597,Mike Evans,TB,TEN,WR,13,1,5500,0.0
890,23618,Ko Kieft,TB,TEN,TE,13,5,5500,0.0
891,26677,TJ Sheffield,TEN,TB,WR,22,22,5500,0.0
892,25987,Chimere Dike,TEN,TB,WR,22,22,5500,0.0
893,26266,Garrett Greene,TB,TEN,WR,13,1,5500,0.0
894,24983,Michael Pratt,TB,TEN,QB,13,17,5500,0.0
895,18880,Chris Godwin,TB,TEN,WR,13,1,5500,0.0
896,22415,Mason Kinsey,TEN,TB,WR,22,22,5500,0.0
897,25964,Elic Ayomanor,TEN,TB,WR,22,22,5500,0.0
898,25926,Xavier Restrepo,TEN,TB,WR,22,22,5500,0.0
899,23119,Treylon Burks,TEN,TB,WR,22,22,5500,0.0
900,25002,Drake Dabney,TEN,TB,TE,22,25,5500,0.0
901,24217,Trey Palmer,TB,TEN,WR,13,1,5500,0.0
902,24375,Josh Whyle,TEN,TB,TE,22,25,5500,0.0
903,23134,Cade Otton,TB,TEN,TE,13,5,5500,0.0
904,23270,Will Levis,TEN,TB,QB,22,28,5500,0.0
905,23166,Rakim Jarrett,TB,TEN,WR,13,1,5500,0.0
906,26092,Emeka Egbuka,TB,TEN,WR,13,1,5500,0.0
907,23489,Chig Okonkwo,TEN,TB,TE,22,25,5500,0.0
908,26359,Connor Bazelak,TB,TEN,QB,13,17,5500,0.0
909,25302,Josh Williams,TB,TEN,RB,13,28,5500,0.0
910,25323,Cam Ward,TEN,TB,QB,22,28,5500,0.0
911,25934,Tez Johnson,TB,TEN,WR,13,1,5500,0.0
912,25962,Gunnar Helm,TEN,TB,TE,22,25,5500,0.0
913,17961,Sterling Shepard,TB,TEN,WR,13,1,5500,0.0
914,25144,Devin Culp,TB,TEN,TE,13,5,5500,0.0
915,23725,Dennis Houston,TB,TEN,WR,13,1,5500,0.0
916,16830,Tyler Lockett,TEN,TB,WR,22,22,5500,0.0
917,25925,Tre Harris,LAC,NO,WR,26,26,5500,0.0
918,24238,Kendre Miller,NO,LAC,RB,2,3,5500,0.0
919,23107,Michael Jacobson,NO,LAC,TE,2,3,5500,0.0
920,26080,Raheim Sanders,LAC,NO,RB,26,26,5500,0.0
921,25447,JaQuae Jackson,LAC,NO,WR,26,26,5500,0.0
922,19238,Taysom Hill,NO,LAC,QB,2,12,5500,0.0
923,22565,Chris Olave,NO,LAC,WR,2,18,5500,0.0
924,17179,Taylor Heinicke,LAC,NO,QB,26,10,5500,0.0
925,19854,Dante Pettis,NO,LAC,WR,2,18,5500,0.0
926,26354,Luke Grimm,LAC,NO,WR,26,26,5500,0.0
927,21769,Clyde Edwards-Helaire,NO,LAC,RB,2,3,5500,0.0
928,23639,Seth Green,NO,LAC,TE,2,3,5500,0.0
929,20884,Foster Moreau,NO,LAC,TE,2,3,5500,0.0
930,25391,McCallan Castles,LAC,NO,TE,26,12,5500,0.0
931,18878,Alvin Kamara,NO,LAC,RB,2,3,5500,0.0
932,25954,Marcus Yarns,NO,LAC,RB,2,3,5500,0.0
933,25409,Mason Tipton,NO,LAC,WR,2,18,5500,0.0
934,26387,Stevo Klotz,LAC,NO,TE,26,12,5500,0.0
935,21681,Justin Herbert,LAC,NO,QB,26,10,5500,0.0
936,21738,Juwan Johnson,NO,LAC,TE,2,3,5500,0.0
937,22591,Dez Fitzpatrick,LAC,NO,WR,26,26,5500,0.0
938,25097,Ladd McConkey,LAC,NO,WR,26,26,5500,0.0
939,25315,Charlie Smyth,NO,LAC,K,2,7,7600,0.0
940,21686,Jalen Reagor,LAC,NO,WR,26,26,5500,0.0
941,26113,Gavin Bartholomew,MIN,HOU,TE,15,19,5500,0.0
942,24068,KaVontae Turpin,DAL,LAR,WR,25,21,5500,0.0
943,25201,Jordan Whittington,LAR,DAL,WR,30,27,5500,0.0
944,26095,Traeshon Holden,DAL,LAR,WR,25,21,5500,0.0
945,25111,Devin Leary,BAL,IND,QB,28,21,5500,-0.9
