rank,id,player,team,bye_week,age,pos,adp_pos_rank,adp
1,22564,Ja'Marr Chase,CIN,10,25,WR,WR1,1.0
2,19766,Saquon Barkley,PHI,9,28,RB,RB1,2.0
3,23189,Bijan Robinson,ATL,5,23,RB,RB2,3.0
4,23200,Jahmyr Gibbs,DET,8,23,RB,RB3,4.0
5,21685,Justin Jefferson,MIN,6,26,WR,WR2,5.0
6,21679,CeeDee Lamb,DAL,10,26,WR,WR3,6.0
7,25868,Ashton Jeanty,LV,8,21,RB,RB4,7.0
8,18877,Christian McCaffrey,SF,14,29,RB,RB5,8.0
9,24172,Puka Nacua,LAR,8,24,WR,WR4,9.0
10,21756,Nico Collins,HOU,6,26,WR,WR5,10.0
11,17959,Derrick Henry,BAL,7,31,RB,RB6,11.0
12,24953,Malik Nabers,NYG,14,22,WR,WR6,12.0
13,22587,Amon-Ra St. Brown,DET,8,25,WR,WR7,13.0
14,21682,Jonathan Taylor,IND,11,26,RB,RB7,14.0
15,20824,Josh Jacobs,GB,5,27,RB,RB8,15.0
16,24179,De'Von Achane,MIA,12,23,RB,RB9,16.0
17,24933,Brian Thomas Jr.,JAX,8,22,WR,WR8,17.0
18,24967,Bucky Irving,TB,9,22,RB,RB10,18.0
19,19781,Lamar Jackson,BAL,7,28,QB,QB1,19.0
20,23212,Kyren Williams,LAR,8,24,RB,RB11,20.0
21,19801,Josh Allen,BUF,7,29,QB,QB2,21.0
22,21042,A.J. Brown,PHI,9,28,WR,WR9,22.0
23,23151,Drake London,ATL,5,24,WR,WR10,23.0
24,25097,Ladd McConkey,LAC,12,23,WR,WR11,24.0
25,24374,Chase Brown,CIN,10,25,RB,RB12,25.0
26,23235,Jayden Daniels,WAS,12,24,QB,QB3,26.0
27,23247,James Cook,BUF,7,25,RB,RB13,27.0
28,18082,Tyreek Hill,MIA,12,31,WR,WR12,28.0
29,21693,Joe Burrow,CIN,10,28,QB,QB4,29.0
30,24943,Brock Bowers,LV,8,22,TE,TE1,30.0
31,22526,Breece Hall,NYJ,9,24,RB,RB14,31.0
32,21690,Tee Higgins,CIN,10,26,WR,WR13,32.0
33,23157,Jaxon Smith-Njigba,SEA,8,23,WR,WR14,33.0
34,24974,Marvin Harrison Jr.,ARI,8,22,WR,WR15,34.0
35,21831,Jalen Hurts,PHI,9,26,QB,QB5,35.0
36,20873,Terry McLaurin,WAS,12,29,WR,WR16,36.0
37,16597,Mike Evans,TB,9,31,WR,WR17,37.0
38,16470,Davante Adams,LAR,8,32,WR,WR18,38.0
39,23122,Garrett Wilson,NYJ,9,25,WR,WR19,39.0
40,18878,Alvin Kamara,NO,11,30,RB,RB15,40.0
41,25956,Omarion Hampton,LAC,12,22,RB,RB16,41.0
42,23214,Kenneth Walker III,SEA,8,24,RB,RB17,42.0
43,18983,James Conner,ARI,8,30,RB,RB18,43.0
44,21691,Chuba Hubbard,CAR,14,26,RB,RB19,44.0
45,23251,Trey McBride,ARI,8,25,TE,TE2,45.0
46,19063,George Kittle,SF,14,31,TE,TE3,46.0
47,20875,DK Metcalf,PIT,5,27,WR,WR20,47.0
48,19800,Courtland Sutton,DEN,12,29,WR,WR21,48.0
49,19844,DJ Moore,CHI,5,28,WR,WR22,49.0
50,21687,DeVonta Smith,PHI,9,26,WR,WR23,50.0
51,18890,Patrick Mahomes,KC,10,29,QB,QB6,51.0
52,20882,David Montgomery,DET,8,28,RB,RB20,52.0
53,18858,Joe Mixon,HOU,6,29,RB,RB21,53.0
54,24120,Rashee Rice,KC,10,25,WR,WR24,54.0
55,23234,Jameson Williams,DET,8,24,WR,WR25,55.0
56,21684,D'Andre Swift,CHI,5,26,RB,RB22,56.0
57,23120,Zay Flowers,BAL,7,24,WR,WR26,57.0
58,19790,Baker Mayfield,TB,9,30,QB,QB7,58.0
59,26054,Tetairoa McMillan,CAR,14,22,WR,WR27,59.0
60,23141,Sam LaPorta,DET,8,24,TE,TE4,60.0
61,23245,TreVeyon Henderson,NE,14,22,RB,RB23,61.0
62,25944,RJ Harvey,DEN,12,24,RB,RB24,62.0
63,19045,Aaron Jones,MIN,6,30,RB,RB25,63.0
64,24924,Xavier Worthy,KC,10,22,WR,WR28,64.0
65,23153,George Pickens,DAL,10,24,WR,WR29,65.0
66,26040,Kaleb Johnson,PIT,5,21,RB,RB26,66.0
67,23371,Isiah Pacheco,KC,10,26,RB,RB27,67.0
68,19802,Calvin Ridley,TEN,10,30,WR,WR30,68.0
69,26056,Travis Hunter,JAX,8,22,WR,WR31,69.0
70,20912,Tony Pollard,TEN,10,28,RB,RB28,70.0
71,15048,Travis Kelce,KC,10,35,TE,TE5,71.0
72,25069,Bo Nix,DEN,12,25,QB,QB8,72.0
73,22598,Jaylen Waddle,MIA,12,26,WR,WR32,73.0
74,21692,Jerry Jeudy,CLE,9,26,WR,WR33,74.0
75,23190,Brian Robinson Jr.,WAS,12,26,RB,RB29,75.0
76,20932,Deebo Samuel Sr.,WAS,12,29,WR,WR34,76.0
77,20805,T.J. Hockenson,MIN,6,28,TE,TE6,77.0
78,18880,Chris Godwin,TB,9,29,WR,WR35,78.0
79,19803,Mark Andrews,BAL,7,29,TE,TE7,79.0
80,22565,Chris Olave,NO,11,25,WR,WR36,80.0
81,24977,Rome Odunze,CHI,5,23,WR,WR37,81.0
82,23162,Jordan Addison,MIN,6,23,WR,WR38,82.0
83,25092,Tyrone Tracy Jr.,NYG,14,25,RB,RB30,83.0
84,25946,Quinshon Judkins,CLE,9,21,RB,RB31,84.0
85,20889,Kyler Murray,ARI,8,27,QB,QB9,85.0
86,23479,Jaylen Warren,PIT,5,26,RB,RB32,86.0
87,20876,Jakobi Meyers,LV,8,28,WR,WR39,87.0
88,18882,Cooper Kupp,SEA,8,32,WR,WR40,88.0
89,23233,Jayden Reed,GB,5,25,WR,WR41,89.0
90,23227,Khalil Shakir,BUF,7,25,WR,WR42,90.0
91,21717,Jauan Jennings,SF,14,28,WR,WR43,91.0
92,17922,Jared Goff,DET,8,30,QB,QB10,92.0
93,16906,Stefon Diggs,NE,14,31,WR,WR44,93.0
94,25887,Cam Skattebo,NYG,14,23,RB,RB33,94.0
95,18055,Dak Prescott,DAL,10,32,QB,QB11,95.0
96,23241,Brock Purdy,SF,14,25,QB,QB12,96.0
97,21696,Travis Etienne Jr.,JAX,8,26,RB,RB34,97.0
98,24982,Ricky Pearsall,SF,14,24,WR,WR45,98.0
99,25922,Matthew Golden,GB,5,22,WR,WR46,99.0
100,22558,Javonte Williams,DAL,10,25,RB,RB35,100.0
101,18876,David Njoku,CLE,9,29,TE,TE8,101.0
102,24927,Caleb Williams,CHI,5,23,QB,QB13,102.0
103,21768,Najee Harris,LAC,12,27,RB,RB36,103.0
104,23364,Jordan Mason,MIN,6,26,RB,RB37,104.0
105,18912,Evan Engram,DEN,12,30,TE,TE9,105.0
106,21747,Brandon Aiyuk,SF,14,27,WR,WR47,106.0
107,21681,Justin Herbert,LAC,12,27,QB,QB14,107.0
108,22492,Justin Fields,NYJ,9,26,QB,QB15,108.0
109,22546,Rhamondre Stevenson,NE,14,27,RB,RB38,109.0
110,21674,J.K. Dobbins,DEN,12,26,RB,RB39,110.0
111,21744,Michael Pittman Jr.,IND,11,27,WR,WR48,111.0
112,23173,Zach Charbonnet,SEA,8,24,RB,RB40,112.0
113,24145,Josh Downs,IND,11,23,WR,WR49,113.0
114,25874,Tyler Warren,IND,11,23,TE,TE10,114.0
115,24123,Tyjae Spears,TEN,10,24,RB,RB41,115.0
116,18990,Jonnu Smith,PIT,5,29,TE,TE11,116.0
117,24964,Keon Coleman,BUF,7,22,WR,WR50,117.0
118,24118,Tucker Kraft,GB,5,24,TE,TE12,118.0
119,26092,Emeka Egbuka,TB,9,22,WR,WR51,119.0
120,21841,Jordan Love,GB,5,26,QB,QB16,120.0
121,23138,Jake Ferguson,DAL,10,26,TE,TE13,121.0
122,21961,Darnell Mooney,ATL,5,27,WR,WR52,122.0
123,25869,Colston Loveland,CHI,5,21,TE,TE14,123.0
124,24956,J.J. McCarthy,MIN,6,22,QB,QB17,124.0
125,19863,Dallas Goedert,PHI,9,30,TE,TE15,125.0
126,24958,Drake Maye,NE,14,22,QB,QB18,126.0
127,23193,Tank Bigsby,JAX,8,23,RB,RB42,127.0
128,24102,Dalton Kincaid,BUF,7,25,TE,TE16,128.0
129,23217,Rachaad White,TB,9,26,RB,RB43,129.0
130,26094,Jayden Higgins,HOU,6,22,WR,WR53,130.0
131,23239,C.J. Stroud,HOU,6,23,QB,QB19,131.0
132,25063,Isaac Guerendo,SF,14,25,RB,RB44,132.0
133,26038,Jaydon Blue,DAL,10,21,RB,RB45,133.0
134,DEN,DEN,DEN,12,999,DST,DST1,134.0
135,25898,Bhayshul Tuten,JAX,8,23,RB,RB46,135.0
136,25925,Tre Harris,LAC,12,23,WR,WR54,136.0
137,19562,Austin Ekeler,WAS,12,30,RB,RB47,137.0
138,19798,Nick Chubb,HOU,6,29,RB,RB48,138.0
139,PHI,PHI,PHI,9,999,DST,DST2,139.0
140,23165,Marvin Mims Jr.,DEN,12,23,WR,WR55,140.0
141,22508,Kyle Pitts Sr.,ATL,5,24,TE,TE17,141.0
142,23205,Jerome Ford,CLE,9,25,RB,RB49,142.0
143,24980,Ray Davis,BUF,7,25,RB,RB50,143.0
144,23729,Rashid Shaheed,NO,11,26,WR,WR56,144.0
145,22490,Trevor Lawrence,JAX,8,25,QB,QB20,145.0
146,24292,Trey Benson,ARI,8,23,RB,RB51,146.0
147,26044,Luther Burden III,CHI,5,21,WR,WR57,147.0
148,PIT,PIT,PIT,5,999,DST,DST3,148.0
149,21952,Rico Dowdle,CAR,14,27,RB,RB52,149.0
150,19815,Christian Kirk,HOU,6,28,WR,WR58,150.0
151,21045,Marquise Brown,KC,10,28,WR,WR59,151.0
152,25894,Jack Bech,LV,8,22,WR,WR60,152.0
153,23250,Tyler Allgeier,ATL,5,25,RB,RB53,153.0
154,18215,Ka'imi Fairbairn,HOU,6,31,K,K1,154.0
155,21677,Tua Tagovailoa,MIA,12,27,QB,QB21,155.0
156,BAL,BAL,BAL,7,999,DST,DST4,156.0
157,23256,Isaiah Likely,BAL,7,25,TE,TE18,157.0
158,23242,Michael Penix Jr.,ATL,5,25,QB,QB22,158.0
159,9038,Matthew Stafford,LAR,8,37,QB,QB23,159.0
160,MIN,MIN,MIN,6,999,DST,DST5,160.0
161,17975,Hunter Henry,NE,14,30,TE,TE19,161.0
162,14856,Zach Ertz,WAS,12,34,TE,TE20,162.0
163,22623,Rashod Bateman,BAL,7,25,WR,WR61,163.0
164,24934,Braelon Allen,NYJ,9,21,RB,RB54,164.0
165,23132,Bryce Young,CAR,14,24,QB,QB24,165.0
166,25912,Kyle Williams,NE,14,22,WR,WR62,166.0
167,25323,Cam Ward,TEN,10,23,QB,QB25,167.0
168,24923,Jaylen Wright,MIA,12,22,RB,RB55,168.0
169,25889,Dylan Sampson,CLE,9,20,RB,RB56,169.0
170,25098,Jalen McMillan,TB,9,23,WR,WR63,170.0
171,15534,Adam Thielen,CAR,14,34,WR,WR64,171.0
172,14986,DeAndre Hopkins,BAL,7,33,WR,WR65,172.0
173,24348,Cedric Tillman,CLE,9,25,WR,WR66,173.0
174,DET,DET,DET,8,999,DST,DST6,174.0
175,25003,Xavier Legette,CAR,14,24,WR,WR67,175.0
176,24223,Brenton Strange,JAX,8,24,TE,TE21,176.0
177,14895,Geno Smith,LV,8,34,QB,QB26,177.0
178,23134,Cade Otton,TB,9,26,TE,TE22,178.0
179,24902,Brandon Aubrey,DAL,10,30,K,K2,179.0
180,23170,Wan'Dale Robinson,NYG,14,24,WR,WR68,180.0
181,24372,Roschon Johnson,CHI,5,24,RB,RB57,181.0
182,19812,Sam Darnold,SEA,8,28,QB,QB27,182.0
183,19853,Mike Gesicki,CIN,10,29,TE,TE23,183.0
184,24226,Quentin Johnston,LAC,12,23,WR,WR69,184.0
185,25963,Mason Taylor,NYJ,9,21,TE,TE24,185.0
186,2593,Aaron Rodgers,PIT,5,41,QB,QB28,186.0
187,20802,Justice Hill,BAL,7,27,RB,RB58,187.0
188,23167,Romeo Doubs,GB,5,25,WR,WR70,188.0
189,24117,Anthony Richardson Sr.,IND,11,23,QB,QB29,189.0
190,22507,Pat Freiermuth,PIT,5,26,TE,TE25,191.0
191,23567,Cameron Dicker,LAC,12,25,K,K3,192.0
192,18944,Kareem Hunt,KC,10,29,RB,RB59,193.0
193,24530,Jake Bates,DET,8,26,K,K4,194.0
194,HOU,HOU,HOU,6,999,DST,DST7,195.0
195,23211,MarShawn Lloyd,GB,5,24,RB,RB60,196.0
196,23489,Chig Okonkwo,TEN,10,25,TE,TE26,197.0
197,24116,Blake Corum,LAR,8,24,RB,RB61,198.0
198,22613,Joshua Palmer,BUF,7,25,WR,WR71,199.0
199,16191,Chris Boswell,PIT,5,34,K,K5,200.0
200,25952,Kyle Monangai,CHI,5,23,RB,RB62,201.0
201,24180,DeMario Douglas,NE,14,24,WR,WR72,202.0
202,23232,Alec Pierce,IND,11,25,WR,WR73,203.0
203,25899,Brashard Smith,KC,10,22,RB,RB63,204.0
204,24990,Jarquez Hunter,LAR,8,22,RB,RB64,205.0
205,SF,SF,SF,14,999,DST,DST8,206.0
206,BUF,BUF,BUF,7,999,DST,DST9,207.0
207,KC,KC,KC,10,999,DST,DST10,208.0
208,21542,Chase McLaughlin,TB,9,29,K,K6,209.0
209,25102,Will Shipley,PHI,9,22,RB,RB65,210.0
210,19920,Dalton Schultz,HOU,6,29,TE,TE27,211.0
211,25900,DJ Giddens,IND,11,21,RB,RB66,212.0
212,19073,Harrison Butker,KC,10,30,K,K7,213.0
213,25888,Devin Neal,NO,11,21,RB,RB67,214.0
214,16964,Darren Waller,MIA,12,32,TE,TE28,215.0
215,14536,Russell Wilson,NYG,14,36,QB,QB30,216.0
216,20933,Miles Sanders,DAL,10,28,RB,RB68,217.0
217,18478,Wil Lutz,DEN,12,31,K,K8,218.0
218,25975,Pat Bryant,DEN,12,22,WR,WR74,219.0
219,25914,Jaylin Noel,HOU,6,22,WR,WR75,220.0
220,26032,Elijah Arroyo,SEA,8,22,TE,TE29,221.0
221,20033,Jason Sanders,MIA,12,29,K,K9,222.0
222,TB,TB,TB,9,999,DST,DST11,223.0
223,19041,Jake Elliott,PHI,9,30,K,K10,224.0
224,26079,Shedeur Sanders,CLE,9,23,QB,QB31,225.0
225,24173,Michael Wilson,ARI,8,25,WR,WR76,226.0
226,22108,Tyler Bass,BUF,7,28,K,K11,227.0
227,21738,Juwan Johnson,NO,11,28,TE,TE30,228.0
228,20841,Daniel Jones,IND,11,28,QB,QB32,229.0
229,WAS,WAS,WAS,12,999,DST,DST12,230.0
230,NYG,NYG,NYG,14,999,DST,DST13,231.0
231,26082,Jaxson Dart,NYG,14,22,QB,QB33,232.0
232,24311,Jaleel McLaughlin,DEN,12,24,RB,RB69,233.0
233,22686,Dyami Brown,JAX,8,25,WR,WR77,234.0
234,23187,Tyler Shough,NO,11,25,QB,QB34,235.0
235,25911,Jalen Royals,KC,10,22,WR,WR78,236.0
236,20943,Darius Slayton,NYG,14,28,WR,WR79,238.0
237,SEA,SEA,SEA,8,999,DST,DST14,239.0
238,LAR,LAR,LAR,8,999,DST,DST15,240.0
239,25942,Woody Marks,HOU,6,24,RB,RB70,241.0
240,24947,Ja'Tavion Sanders,CAR,14,22,TE,TE31,242.0
241,22908,Evan McPherson,CIN,10,26,K,K12,243.0
242,23142,Theo Johnson,NYG,14,24,TE,TE32,244.0
243,GB,GB,GB,5,999,DST,DST16,245.0
244,17217,Raheem Mostert,LV,8,33,RB,RB71,246.0
245,21784,Zack Moss,CIN,10,27,RB,RB72,247.0
246,25970,Terrance Ferguson,LAR,8,22,TE,TE33,248.0
247,22566,Calvin Austin III,PIT,5,26,WR,WR80,249.0
248,DAL,DAL,DAL,10,999,DST,DST17,250.0
249,25949,Tahj Brooks,CIN,10,23,RB,RB73,251.0
250,22535,Elijah Mitchell,KC,10,27,RB,RB74,252.0
251,20769,Matt Gay,WAS,12,31,K,K13,253.0
252,NE,NE,NE,14,999,DST,DST18,254.0
253,19565,Younghoe Koo,ATL,5,30,K,K14,255.0
254,26109,Tyler Loop,BAL,7,23,K,K15,256.0
255,25953,Ollie Gordon II,MIA,12,21,RB,RB75,257.0
256,14996,Brandon McManus,GB,5,34,K,K16,258.0
257,21772,Cole Kmet,CHI,5,26,TE,TE34,259.0
258,19988,Tyler Conklin,LAC,12,30,TE,TE35,260.0
259,16830,Tyler Lockett,TEN,10,32,WR,WR81,261.0
260,LAC,LAC,LAC,12,999,DST,DST19,262.0
261,24214,Keaton Mitchell,BAL,7,23,RB,RB76,263.0
262,26102,Dont'e Thornton Jr.,LV,8,22,WR,WR82,264.0
263,23253,Dontayvion Wicks,GB,5,24,WR,WR83,265.0
264,25948,Trevor Etienne,CAR,14,21,RB,RB77,266.0
265,25903,Jordan James,SF,14,21,RB,RB78,267.0
266,25113,Will Reichard,MIN,6,24,K,K17,268.0
267,21785,Noah Gray,KC,10,26,TE,TE36,269.0
268,611,Joe Flacco,CLE,9,40,QB,QB35,270.0
269,25964,Elic Ayomanor,TEN,10,22,WR,WR84,271.0
270,NYJ,NYJ,NYJ,9,999,DST,DST20,272.0
271,19989,Daniel Carlson,LV,8,30,K,K18,273.0
272,24954,Adonai Mitchell,IND,11,22,WR,WR85,274.0
273,21861,Antonio Gibson,NE,14,27,RB,RB79,275.0
274,21077,Diontae Johnson,CLE,9,29,WR,WR86,276.0
275,26259,Jacory Croskey-Merritt,WAS,12,24,RB,RB80,277.0
276,24119,Andrei Iosivas,CIN,10,25,WR,WR87,278.0
277,TEN,TEN,TEN,10,999,DST,DST21,279.0
278,24423,Jake Moody,SF,14,25,K,K19,280.0
279,25039,Roman Wilson,PIT,5,24,WR,WR88,281.0
280,25121,Joshua Karty,LAR,8,23,K,K20,282.0
281,25122,Jalen Coker,CAR,14,23,WR,WR89,283.0
282,21802,A.J. Dillon,PHI,9,27,RB,RB81,284.0
283,18032,Tyler Higbee,LAR,8,32,TE,TE37,285.0
284,19961,Ray-Ray McCloud III,ATL,5,28,WR,WR90,286.0
285,25882,Jalen Milroe,SEA,8,22,QB,QB36,287.0
286,16301,Cairo Santos,CHI,5,33,K,K21,288.0
287,MIA,MIA,MIA,12,999,DST,DST22,289.0
288,24238,Kendre Miller,NO,11,23,RB,RB82,290.0
289,25870,Harold Fannin Jr.,CLE,9,21,TE,TE38,291.0
290,14252,Kirk Cousins,ATL,5,36,QB,QB37,292.0
291,ARI,ARI,ARI,8,999,DST,DST23,293.0
292,17215,Jason Myers,SEA,8,34,K,K22,294.0
293,20868,Alexander Mattison,MIA,12,27,RB,RB83,295.0
294,CHI,CHI,CHI,5,999,DST,DST24,296.0
295,22501,Kenny Pickett,CLE,9,27,QB,QB38,297.0
296,23368,Jalen Nailor,MIN,6,26,WR,WR91,299.0
297,26101,Isaac TeSlaa,DET,8,23,WR,WR92,300.0
298,25926,Xavier Restrepo,TEN,10,23,WR,WR93,301.0
299,24971,Audric Estime,DEN,12,21,RB,RB84,302.0
300,16568,Brandin Cooks,NO,11,31,WR,WR94,303.0
301,24989,Tory Horton,SEA,8,22,WR,WR95,304.0
302,20753,Noah Fant,CIN,10,27,TE,TE39,305.0
303,24177,Tre Tucker,LV,8,24,WR,WR96,306.0
304,19080,Noah Brown,WAS,12,29,WR,WR97,307.0
305,24176,Tank Dell,HOU,6,25,WR,WR98,308.0
306,25876,Oronde Gadsden,LAC,12,22,TE,TE40,309.0
307,20941,Devin Singletary,NYG,14,27,RB,RB85,310.0
308,24194,Sean Tucker,TB,9,23,RB,RB86,311.0
309,19238,Taysom Hill,NO,11,34,QB,QB39,312.0
310,14688,Justin Tucker,BAL,7,35,K,K23,313.0
311,25201,Jordan Whittington,LAR,8,24,WR,WR99,314.0
312,ATL,ATL,ATL,5,999,DST,DST25,315.0
313,23186,Spencer Rattler,NO,11,24,QB,QB40,316.0
314,IND,IND,IND,11,999,DST,DST26,317.0
315,22602,Tutu Atwell,LAR,8,25,WR,WR100,318.0
316,22562,Kenneth Gainwell,PIT,5,26,RB,RB87,319.0
317,25103,Malik Washington,MIA,12,24,WR,WR101,320.0
318,24960,Cam Little,JAX,8,21,K,K24,321.0
319,24978,Devontez Walker,BAL,7,24,WR,WR102,322.0
320,24985,Ben Sinnott,WAS,12,23,TE,TE41,324.0
321,LV,LV,LV,8,999,DST,DST27,325.0
322,23121,Kayshon Boutte,NE,14,23,WR,WR103,326.0
323,CLE,CLE,CLE,9,999,DST,DST28,327.0
324,23395,Christian Watson,GB,5,26,WR,WR104,328.0
325,16762,Jameis Winston,NYG,14,31,QB,QB41,329.0
326,20145,Allen Lazard,NYJ,9,29,WR,WR105,330.0
327,25987,Chimere Dike,TEN,10,23,WR,WR106,331.0
328,26059,Keandre Lambert-Smith,LAC,12,23,WR,WR107,332.0
329,JAX,JAX,JAX,8,999,DST,DST29,333.0
330,22563,Khalil Herbert,IND,11,27,RB,RB88,334.0
331,CIN,CIN,CIN,10,999,DST,DST30,335.0
332,25924,Tai Felton,MIN,6,22,WR,WR108,336.0
333,18993,Samaje Perine,CIN,10,29,RB,RB89,337.0
334,19850,Mason Rudolph,PIT,5,30,QB,QB42,338.0
335,25198,Devaughn Vele,DEN,12,27,WR,WR109,339.0
336,NO,NO,NO,11,999,DST,DST31,340.0
337,26029,Damien Martinez,SEA,8,21,RB,RB90,341.0
338,24973,Troy Franklin,DEN,12,22,WR,WR110,342.0
339,24350,Aidan O'Connell,LV,8,26,QB,QB43,343.0
340,19976,Marquez Valdes-Scantling,SEA,8,30,WR,WR111,344.0
341,24068,KaVontae Turpin,DAL,10,29,WR,WR112,345.0
342,24987,Luke McCaffrey,WAS,12,24,WR,WR113,346.0
343,22597,Jalen Tolbert,DAL,10,26,WR,WR114,347.0
344,23140,Michael Mayer,LV,8,24,TE,TE42,348.0
345,23158,Jermaine Burton,CIN,10,24,WR,WR115,349.0
346,23469,Tyquan Thornton,KC,10,24,WR,WR116,350.0
347,25079,Kimani Vidal,LAC,12,23,RB,RB91,351.0
348,24309,Emanuel Wilson,GB,5,26,RB,RB92,352.0
349,26106,Andy Borregales,NE,14,23,K,K25,353.0
350,10333,Graham Gano,NYG,14,38,K,K26,354.0
351,21735,Gabe Davis,JAX,8,26,WR,WR117,355.0
352,25982,Jimmy Horn Jr.,CAR,14,22,WR,WR118,356.0
353,18928,Curtis Samuel,BUF,7,28,WR,WR119,357.0
354,24506,Blake Grupe,NO,11,26,K,K27,358.0
355,26088,Montrell Johnson Jr.,PHI,9,22,RB,RB93,359.0
356,22592,Elijah Moore,BUF,7,25,WR,WR120,360.0
357,25106,AJ Barner,SEA,8,23,TE,TE43,361.0
358,CAR,CAR,CAR,14,999,DST,DST32,362.0
359,18047,Demarcus Robinson,SF,14,30,WR,WR121,363.0
360,24930,Sione Vaki,DET,8,24,RB,RB94,364.0
361,25025,Joe Milton III,DAL,10,25,QB,QB44,365.0
362,23199,Sincere McCormick,LV,8,24,RB,RB95,366.0
363,20837,Ty Johnson,BUF,7,27,RB,RB96,367.0
364,23223,Dameon Pierce,HOU,6,25,RB,RB97,369.0
365,25934,Tez Johnson,TB,9,23,WR,WR122,371.0
366,24983,Michael Pratt,TB,9,23,QB,QB45,372.0
367,20924,Hunter Renfrow,CAR,14,29,WR,WR123,373.0
368,25064,Isaiah Davis,NYJ,9,23,RB,RB98,374.0
369,25873,Luke Lachey,HOU,6,24,TE,TE44,375.0
370,25955,Phil Mafah,DAL,10,22,RB,RB99,376.0
371,26105,Savion Williams,GB,5,23,WR,WR124,377.0
372,24125,Jalin Hyatt,NYG,14,23,WR,WR125,378.0
373,18857,Deshaun Watson,CLE,9,29,QB,QB46,379.0
374,19017,Josh Reynolds,NYJ,9,30,WR,WR126,380.0
375,23642,Jalen Virgil,BUF,7,27,WR,WR127,381.0
376,26103,Jordan Watkins,SF,14,23,WR,WR128,382.0
377,18883,JuJu Smith-Schuster,KC,10,28,WR,WR129,384.0
378,26250,Lenny Krieg,ATL,5,22,K,K28,385.0
379,24371,Anders Carlson,NYJ,9,27,K,K29,386.0
380,21142,Olamide Zaccheaus,CHI,5,28,WR,WR130,387.0
381,16815,Ameer Abdullah,SF,14,32,RB,RB100,388.0
382,24979,Malachi Corley,NYJ,9,23,WR,WR131,389.0
383,23155,Jahan Dotson,PHI,9,25,WR,WR132,390.0
384,24168,Tyson Bagent,CHI,5,25,QB,QB47,391.0
385,25968,Corey Kiner,SF,14,23,RB,RB101,392.0
386,23160,John Metchie III,HOU,6,25,WR,WR133,393.0
387,12831,Tyrod Taylor,NYJ,9,35,QB,QB48,394.0
388,23177,Dillon Gabriel,CLE,9,24,QB,QB49,395.0
389,25314,Louis Rees-Zammit,JAX,8,24,WR,WR134,396.0
390,22505,Davis Mills,HOU,6,26,QB,QB50,397.0
391,14901,Kyle Juszczyk,SF,14,34,FB,RB102,398.0
392,19330,Nick Mullens,JAX,8,30,QB,QB51,399.0
393,18018,Jacoby Brissett,ARI,8,32,QB,QB52,400.0
394,24124,Tanner McKee,PHI,9,25,QB,QB53,401.0
395,21754,Donovan Peoples-Jones,NO,11,26,WR,WR135,402.0
396,20954,Jarrett Stidham,DEN,12,28,QB,QB54,403.0
397,18811,Mitchell Trubisky,BUF,7,30,QB,QB55,404.0
398,24436,Chad Ryland,ARI,8,25,K,K30,405.0
399,22515,Cole Turner,WAS,12,25,TE,TE45,406.0
400,22524,James Mitchell,CAR,14,25,TE,TE46,407.0
401,22495,Zach Wilson,MIA,12,25,QB,QB56,408.0
402,23084,Shane Zylstra,DET,8,28,TE,TE47,409.0
403,21794,Albert Okwuegbunam Jr.,IND,11,27,TE,TE48,410.0
404,25986,LeQuint Allen Jr.,JAX,8,20,RB,RB103,411.0
405,16763,Marcus Mariota,WAS,12,31,QB,QB57,412.0
406,24150,Luke Musgrave,GB,5,24,TE,TE49,413.0
407,22539,Zamir White,LV,8,25,RB,RB104,414.0
408,25937,Nick Nash,ATL,5,26,WR,WR136,415.0
409,22496,Mac Jones,SF,14,26,QB,QB58,417.0
410,22661,Jack Stoll,NO,11,27,TE,TE50,418.0
411,17963,Austin Hooper,NE,14,30,TE,TE51,419.0
412,25932,Efton Chism III,NE,14,23,WR,WR137,420.0
413,24686,Nate Adkins,DEN,12,26,TE,TE52,421.0
414,12841,Andy Dalton,CAR,14,37,QB,QB59,422.0
415,26097,Isaiah Neyor,SF,14,24,WR,WR138,424.0
416,16041,Jimmy Garoppolo,LAR,8,33,QB,QB60,425.0
417,21734,Nick Westbrook-Ikhine,MIA,12,28,WR,WR139,426.0
418,22417,Kristian Wilkerson,BUF,7,28,WR,WR140,427.0
419,17179,Taylor Heinicke,LAC,12,32,QB,QB61,429.0
420,20886,Stanley Morgan Jr.,TEN,10,28,WR,WR141,431.0
421,20931,Drew Sample,CIN,10,29,TE,TE53,432.0
422,25403,Spencer Shrader,IND,11,26,K,K31,433.0
423,24349,A.T. Perry,DEN,12,25,WR,WR142,434.0
424,21519,Joey Slye,TEN,10,29,K,K32,435.0
425,19867,Michael Gallup,WAS,12,29,WR,WR143,436.0
426,24217,Trey Palmer,TB,9,24,WR,WR144,437.0
427,24140,Hendon Hooker,DET,8,27,QB,QB62,438.0
428,25974,Kaden Prather,BUF,7,22,WR,WR145,439.0
429,26080,Raheim Sanders,LAC,12,23,RB,RB105,440.0
430,24800,E.J. Jenkins,PHI,9,26,TE,TE54,441.0
431,19023,Mack Hollins,NE,14,31,WR,WR146,442.0
432,19950,Will Dissly,LAC,12,29,TE,TE55,443.0
433,25119,Harrison Mevis,NYJ,9,23,K,K33,444.0
434,24476,Sean Clifford,GB,5,27,QB,QB63,445.0
435,19461,Cooper Rush,BAL,7,31,QB,QB64,446.0
436,25976,Jaylin Lane,WAS,12,23,WR,WR147,447.0
437,24981,Jacob Cowing,SF,14,24,WR,WR148,448.0
438,25112,Jared Wiley,KC,10,24,TE,TE56,449.0
439,24143,Parker Washington,JAX,8,23,WR,WR149,450.0
440,21071,Greg Dortch,ARI,8,27,WR,WR150,451.0
441,25010,Ricky White III,SEA,8,23,WR,WR151,453.0
442,21688,Cam Akers,NO,11,26,RB,RB106,454.0
443,25101,Brenden Rice,LAC,12,23,WR,WR152,455.0
444,24472,Xavier Gipson,NYJ,9,24,WR,WR153,456.0
445,21046,Jake Browning,CIN,10,29,QB,QB65,457.0
446,21203,Matthew Wright,CAR,14,29,K,K34,458.0
447,20899,Josh Oliver,MIN,6,28,TE,TE57,459.0
448,22494,Kyle Trask,TB,9,27,QB,QB66,461.0
449,24444,Travis Vokolek,ARI,8,27,TE,TE58,462.0
450,26081,Antwane Wells Jr.,NYG,14,24,WR,WR154,463.0
451,21786,Adam Trautman,DEN,12,28,TE,TE59,464.0
452,24288,Luke Schoonmaker,DAL,10,26,TE,TE60,465.0
453,26055,Thomas Fidone II,NYG,14,22,TE,TE61,466.0
454,25904,Kalel Mullings,TEN,10,22,RB,RB107,467.0
455,23185,Sam Howell,MIN,6,24,QB,QB67,468.0
456,26057,Arian Smith,NYJ,9,23,WR,WR155,469.0
457,23608,Drew Ogletree,IND,11,27,TE,TE62,470.0
458,20884,Foster Moreau,NO,11,28,TE,TE63,471.0
459,23136,Darnell Washington,PIT,5,23,TE,TE64,472.0
460,21852,Ty Chandler,MIN,6,27,RB,RB108,473.0
461,20850,Dawson Knox,BUF,7,28,TE,TE65,474.0
462,16928,Michael Burton,DEN,12,33,FB,RB109,475.0
463,25962,Gunnar Helm,TEN,10,22,TE,TE66,476.0
464,14867,Dustin Hopkins,CLE,9,34,K,K35,477.0
465,24986,Cade Stover,HOU,6,25,TE,TE67,479.0
466,19207,Tim Patrick,DET,8,31,WR,WR156,480.0
467,26048,Quinn Ewers,MIA,12,22,QB,QB68,481.0
468,19025,Joshua Dobbs,NE,14,30,QB,QB69,482.0
469,20880,Gardner Minshew,KC,10,29,QB,QB70,483.0
470,23118,Malik Willis,GB,5,26,QB,QB71,484.0
471,23732,Parker Romo,NE,14,27,K,K36,485.0
472,14871,Robert Woods,PIT,5,33,WR,WR157,486.0
473,26108,Ryan Fitzgerald,CAR,14,24,K,K37,487.0
474,21227,Andrew Beck,NYJ,9,29,FB,RB110,488.0
475,24339,Jake Bobo,SEA,8,26,WR,WR158,489.0
476,21100,Jakob Johnson,HOU,6,30,FB,RB111,490.0
477,25338,Tejhaun Palmer,ARI,8,25,WR,WR159,491.0
478,24449,Elijah Higgins,ARI,8,24,TE,TE68,493.0
479,22662,Tommy Tremble,CAR,14,25,TE,TE69,494.0
480,24008,Troy Hairston,CLE,9,26,FB,RB112,495.0
481,23237,Chris Rodriguez Jr.,WAS,12,24,RB,RB113,496.0
482,24944,Jonathon Brooks,CAR,14,22,RB,RB114,497.0
483,25755,Donovan Edwards,NYJ,9,22,RB,RB115,498.0
484,22521,Jeremy Ruckert,NYJ,9,24,TE,TE70,499.0
485,23644,Stone Smartt,NYJ,9,26,TE,TE71,501.0
486,23621,Nick Muse,PHI,9,26,TE,TE72,502.0
487,25144,Devin Culp,TB,9,25,TE,TE73,503.0
488,24609,Emari Demercado,ARI,8,26,RB,RB116,504.0
489,23119,Treylon Burks,TEN,10,25,WR,WR160,505.0
490,19318,Kendrick Bourne,NE,14,29,WR,WR161,506.0
491,25884,Will Howard,PIT,5,23,QB,QB72,507.0
492,24463,Julian Hill,MIA,12,25,TE,TE74,508.0
493,25875,Mitchell Evans,CAR,14,22,TE,TE75,509.0
494,20325,Greg Joseph,SF,14,30,K,K38,510.0
495,22823,Kylen Granson,PHI,9,27,TE,TE76,511.0
496,21725,Trishton Jackson,ARI,8,27,WR,WR162,512.0
497,26084,Brady Cook,NYJ,9,23,QB,QB73,513.0
498,19816,DJ Chark,ATL,5,28,WR,WR163,514.0
499,23486,Grant Calcaterra,PHI,9,26,TE,TE77,516.0
500,25054,Dylan Laube,LV,8,25,RB,RB117,517.0
501,23273,Hassan Haskins,LAC,12,25,RB,RB118,518.0
502,21807,Colby Parkinson,LAR,8,26,TE,TE78,519.0
503,23192,Chris Brooks,GB,5,25,RB,RB119,520.0
504,21795,Luke Farrell,SF,14,27,TE,TE79,522.0
505,19626,Dare Ogunbowale,HOU,6,31,RB,RB120,524.0
506,24325,Johnny Wilson,PHI,9,24,WR,WR164,525.0
507,24952,Ja'Lynn Polk,NE,14,24,WR,WR165,526.0
508,23298,Raheem Blackshear,CAR,14,27,RB,RB121,528.0
509,23485,Daniel Bellinger,NYG,14,24,TE,TE80,529.0
510,23230,Dorian Thompson-Robinson,PHI,9,25,QB,QB74,530.0
511,25040,Javon Baker,NE,14,23,WR,WR166,531.0
512,23482,Bo Melton,GB,5,26,WR,WR167,532.0
513,19491,Robert Tonyan,KC,10,31,TE,TE81,534.0
514,22345,Dan Chisena,CAR,14,28,WR,WR168,537.0
515,25316,David White Jr.,JAX,8,25,WR,WR169,539.0
516,21473,D.J. Montgomery,IND,11,28,WR,WR170,540.0
517,25111,Devin Leary,BAL,7,25,QB,QB75,541.0
518,25320,Mason Pline,SF,14,25,TE,TE82,543.0
519,22138,Tyler Davis,NE,14,28,TE,TE83,547.0
520,24215,Lew Nichols,PHI,9,23,RB,RB122,549.0
521,24188,Deuce Vaughn,DAL,10,23,RB,RB123,550.0
522,24199,Bryce Ford-Wheaton,NYG,14,25,WR,WR171,551.0
523,23166,Rakim Jarrett,TB,9,24,WR,WR172,552.0
524,24220,Tyler Scott,CHI,5,23,WR,WR173,553.0
525,24221,Justin Shorter,LV,8,25,TE,TE84,554.0
526,24211,Zack Kuntz,NYJ,9,26,TE,TE85,555.0
527,24171,Jaren Hall,SEA,8,27,QB,QB76,557.0
528,24178,Israel Abanikanda,GB,5,22,RB,RB124,558.0
529,23174,Zach Evans,NYJ,9,24,RB,RB125,559.0
530,24204,Evan Hull,PIT,5,24,RB,RB126,560.0
531,24073,Maurice Alexander,CHI,5,28,WR,WR174,561.0
532,24021,Tucker Fisk,LAC,12,26,TE,TE86,562.0
533,23962,Irvin Charles,NYJ,9,28,WR,WR175,563.0
534,23737,Tanner Conner,MIA,12,27,TE,TE87,564.0
535,23713,Aaron Shampklin,PIT,5,25,RB,RB127,565.0
536,23725,Dennis Houston,TB,9,26,WR,WR176,566.0
537,23880,Malik Davis,DAL,10,26,RB,RB128,567.0
538,23996,Kendric Pryor,CIN,10,27,WR,WR177,568.0
539,23763,Brandon Johnson,PIT,5,27,WR,WR178,569.0
540,23917,Kaden Davis,CLE,9,26,WR,WR179,570.0
541,23765,Tyreik McAllister,LV,8,27,WR,WR180,571.0
542,23966,Lance McCutcheon,PIT,5,26,WR,WR181,572.0
543,23662,Jake Tonges,SF,14,26,TE,TE88,573.0
544,23624,Dareke Young,SEA,8,26,WR,WR182,574.0
545,23614,John FitzPatrick,GB,5,25,TE,TE89,575.0
546,23618,Ko Kieft,TB,9,27,TE,TE90,576.0
547,23604,Montrell Washington,NYG,14,26,WR,WR183,577.0
548,23302,Britain Covey,LAR,8,28,WR,WR184,578.0
549,23629,Chris Oladokun,KC,10,27,QB,QB77,579.0
550,23586,Julius Chestnut,TEN,10,24,RB,RB129,580.0
551,23659,Tay Martin,TEN,10,27,WR,WR185,582.0
552,23650,Lucas Krull,DEN,12,27,TE,TE91,583.0
553,23634,Samori Toure,CHI,5,27,WR,WR186,584.0
554,23355,Teagan Quitoriano,ATL,5,25,TE,TE92,585.0
555,23481,Velus Jones Jr.,NO,11,28,RB,RB130,586.0
556,22560,Keaontay Ingram,KC,10,25,RB,RB131,587.0
557,23490,Jelani Woods,IND,11,26,TE,TE93,588.0
558,23172,Tyrion Davis-Price,TEN,10,24,RB,RB132,589.0
559,23231,Tyler Badie,DEN,12,25,RB,RB133,590.0
560,23341,Tyler Goodson,IND,11,24,RB,RB134,591.0
561,23477,Skylar Thompson,PIT,5,28,QB,QB78,592.0
562,23468,Michael Woods II,CLE,9,25,WR,WR187,593.0
563,23840,Kevin Austin Jr.,NO,11,25,WR,WR188,594.0
564,22547,Ronnie Rivers,LAR,8,26,RB,RB135,596.0
565,22600,Johnny Johnson III,HOU,6,26,WR,WR189,597.0
566,23487,Connor Heyward,PIT,5,26,TE,TE94,598.0
567,23573,Danny Gray,PHI,9,26,WR,WR190,599.0
568,23310,Greg Dulcich,NYG,14,25,TE,TE95,601.0
569,23463,Kyle Philips,LV,8,26,WR,WR191,602.0
570,23168,Skyy Moore,KC,10,24,WR,WR192,603.0
571,22502,Desmond Ridder,CIN,10,25,QB,QB79,604.0
572,23267,Bailey Zappe,KC,10,26,QB,QB80,605.0
573,23198,Isaiah Spiller,LV,8,23,RB,RB136,606.0
574,23163,Justyn Ross,KC,10,25,WR,WR193,607.0
575,23135,Charlie Kolar,BAL,7,26,TE,TE96,608.0
576,23847,Bam Knight,ARI,8,24,RB,RB137,609.0
577,23148,David Bell,CLE,9,24,WR,WR194,610.0
578,23218,Pierre Strong Jr.,CLE,9,26,RB,RB138,611.0
579,23325,Erik Ezukanma,MIA,12,25,WR,WR195,612.0
580,23099,Michael Bandy,DEN,12,27,WR,WR196,613.0
581,22892,Tim Jones,MIN,6,27,WR,WR197,615.0
582,21818,Shane Buechele,BUF,7,27,QB,QB81,616.0
583,22620,Mike Strachan,WAS,12,27,RB,RB139,618.0
584,22667,Zach Davidson,BUF,7,27,TE,TE97,619.0
585,23010,Brock Wright,DET,8,26,TE,TE98,621.0
586,22645,Simi Fehoko,ARI,8,27,WR,WR198,622.0
587,22925,Avery Williams,PHI,9,27,WR,WR199,623.0
588,22590,Ben Skowronek,PIT,5,28,WR,WR200,625.0
589,22572,Dax Milne,CAR,14,26,WR,WR201,626.0
590,22973,Austin Trammell,JAX,8,27,WR,WR202,627.0
591,22591,Dez Fitzpatrick,LAC,12,27,WR,WR203,628.0
592,22676,Kene Nwangwu,NYJ,9,27,RB,RB140,629.0
593,22657,John Bates,WAS,12,27,TE,TE99,630.0
594,22569,Dee Eskridge,MIA,12,28,WR,WR204,632.0
595,22493,Trey Lance,LAC,12,25,QB,QB82,633.0
596,22533,Demetric Felton,WAS,12,27,RB,RB141,634.0
597,22553,Michael Carter,ARI,8,26,RB,RB142,635.0
598,22626,Rondale Moore,MIN,6,25,WR,WR205,636.0
599,22514,Kenny Yeboah,DET,8,26,TE,TE100,638.0
600,22604,Tylan Wallace,BAL,7,26,WR,WR206,639.0
601,21801,Trey Sermon,PIT,5,26,RB,RB143,640.0
602,21815,Sam Ehlinger,DEN,12,26,QB,QB83,642.0
603,22506,Brevin Jordan,HOU,6,25,TE,TE101,644.0
604,22685,Terrace Marshall Jr.,PHI,9,25,WR,WR207,645.0
605,22595,Ihmir Smith-Marsette,NYG,14,25,WR,WR208,646.0
606,22512,Tre' McKitty,CLE,9,26,TE,TE102,647.0
607,22556,Jaret Patterson,LAC,12,25,RB,RB144,649.0
608,22511,Quintin Morris,JAX,8,26,TE,TE103,650.0
609,22509,Hunter Long,JAX,8,26,TE,TE104,651.0
610,22608,Seth Williams,DAL,10,25,WR,WR209,652.0
611,22498,Feleipe Franks,ATL,5,27,TE,TE105,653.0
612,22672,Gary Brightwell,CIN,10,26,RB,RB145,654.0
613,22488,Chris Blair,ATL,5,27,WR,WR210,655.0
614,22415,Mason Kinsey,TEN,10,26,WR,WR211,656.0
615,22234,Andre Baccellia,ARI,8,28,WR,WR212,657.0
616,21732,Giovanni Ricci,MIN,6,28,TE,TE106,658.0
617,22206,Reggie Gilliam,BUF,7,27,FB,RB146,659.0
618,21728,Lawrence Cager,WAS,12,27,TE,TE107,660.0
619,21782,Jonathan Ward,PIT,5,27,RB,RB147,661.0
620,22119,Charlie Woerner,ATL,5,27,TE,TE108,663.0
621,21714,K.J. Osborn,WAS,12,28,WR,WR213,664.0
622,21845,Darrynton Evans,BUF,7,27,RB,RB148,665.0
623,21798,Josiah Deguara,ARI,8,28,TE,TE109,666.0
624,21964,Cody White,SEA,8,26,WR,WR214,668.0
625,21750,Marquez Callaway,TB,9,27,WR,WR215,670.0
626,21837,J.J. Taylor,HOU,6,27,RB,RB149,671.0
627,21781,Sean McKeon,IND,11,27,TE,TE110,673.0
628,21823,Patrick Taylor Jr.,SF,14,27,RB,RB150,674.0
629,21675,Tyler Johnson,NYJ,9,26,WR,WR216,675.0
630,21723,James Proche II,TEN,10,28,WR,WR217,676.0
631,21804,DeeJay Dallas,ARI,8,26,RB,RB151,678.0
632,21957,Quez Watkins,ARI,8,27,WR,WR218,679.0
633,21760,Isaiah Hodgins,SF,14,26,WR,WR219,680.0
634,21843,Salvon Ahmed,IND,11,26,RB,RB152,681.0
635,21729,Quintez Cephus,LAR,8,27,WR,WR220,682.0
636,21730,Collin Johnson,LV,8,27,WR,WR221,686.0
637,21739,Van Jefferson,TEN,10,29,WR,WR222,687.0
638,21783,Harrison Bryant,PHI,9,27,TE,TE111,688.0
639,21721,Devin Duvernay,CHI,5,27,WR,WR223,689.0
640,21769,Clyde Edwards-Helaire,NO,11,26,RB,RB153,691.0
641,21697,Laviska Shenault Jr.,BUF,7,26,WR,WR224,692.0
642,21759,KJ Hamler,BUF,7,26,WR,WR225,693.0
643,21686,Jalen Reagor,LAC,12,26,WR,WR226,694.0
644,21564,Craig Reynolds,DET,8,29,RB,RB154,699.0
645,21263,Trenton Irwin,JAX,8,29,WR,WR227,700.0
646,21556,Tom Kennedy,DET,8,29,WR,WR228,701.0
647,11694,Nick Folk,NYJ,9,40,K,K39,702.0
648,21349,Ashton Dulin,IND,11,28,WR,WR229,703.0
649,21400,Steven Sims,SEA,8,28,WR,WR230,705.0
650,21294,Alex Bachman,LV,8,29,WR,WR231,707.0
651,21138,Scotty Miller,PIT,5,28,WR,WR232,708.0
652,21169,Malik Taylor,DET,8,29,WR,WR233,709.0
653,20953,Easton Stick,ATL,5,29,QB,QB84,713.0
654,20939,David Sills V,ATL,5,29,WR,WR234,714.0
655,20990,Trayveon Williams,NE,14,27,RB,RB155,715.0
656,20949,Irv Smith Jr.,HOU,6,26,TE,TE112,716.0
657,20819,Alec Ingold,MIA,12,29,FB,RB156,717.0
658,20905,Donald Parham Jr.,PIT,5,27,TE,TE113,718.0
659,20823,Tyree Jackson,WAS,12,27,TE,TE114,719.0
660,20929,Brett Rypien,MIN,6,29,QB,QB85,720.0
661,20810,Travis Homer,CHI,5,26,RB,RB157,722.0
662,20816,Lil'Jordan Humphrey,NYG,14,27,WR,WR235,724.0
663,20788,Mecole Hardman,GB,5,27,WR,WR236,725.0
664,20779,Will Grier,DAL,10,30,QB,QB86,726.0
665,21005,Parris Campbell,DAL,10,28,WR,WR237,727.0
666,20859,Drew Lock,SEA,8,28,QB,QB87,728.0
667,20703,John Wolford,JAX,8,29,QB,QB88,729.0
668,20679,KhaDarel Hodge,ATL,5,30,WR,WR238,730.0
669,20506,Tanner Hudson,CIN,10,30,TE,TE115,732.0
670,19922,Justin Watson,HOU,6,29,WR,WR239,733.0
671,19912,Nyheim Hines,LAC,12,28,RB,RB158,734.0
672,20398,Equanimeous St. Brown,SF,14,28,WR,WR240,735.0
673,20361,Ross Dwelley,SF,14,30,TE,TE116,736.0
674,20283,Tim Boyle,TEN,10,30,QB,QB89,738.0
675,20081,Trent Sherfield Sr.,DEN,12,29,WR,WR241,742.0
676,20055,Logan Woodside,CIN,10,30,QB,QB90,743.0
677,20053,Kyle Allen,DET,8,29,QB,QB91,744.0
678,20038,Braxton Berrios,HOU,6,29,WR,WR242,746.0
679,20013,Cedrick Wilson Jr.,NO,11,29,WR,WR243,747.0
680,20006,Russell Gage Jr.,SF,14,29,WR,WR244,748.0
681,19972,Mike White,BUF,7,30,QB,QB92,749.0
682,19864,Anthony Miller,BAL,7,30,WR,WR245,753.0
683,19943,Durham Smythe,CHI,5,29,TE,TE117,754.0
684,19910,Ian Thomas,LV,8,29,TE,TE118,756.0
685,19854,Dante Pettis,NO,11,29,WR,WR246,757.0
686,19755,River Cracraft,SEA,8,30,WR,WR247,761.0
687,19304,Pharaoh Brown,MIA,12,31,TE,TE119,762.0
688,19296,Anthony Firkser,KC,10,30,TE,TE120,763.0
689,19209,Patrick Ricard,BAL,7,31,FB,RB159,764.0
690,19172,Zach Pascal,NYG,14,30,WR,WR248,766.0
691,19165,Johnny Mundt,JAX,8,30,TE,TE121,767.0
692,19120,David Moore,CAR,14,30,WR,WR249,768.0
693,19079,Zane Gonzalez,WAS,12,30,K,K40,769.0
694,19065,Jeremy McNichols,WAS,12,29,RB,RB160,770.0
695,19064,Trent Taylor,SF,14,31,WR,WR250,771.0
696,19044,Jamal Agnew,ATL,5,30,WR,WR251,772.0
697,19035,Eric Saubert,SEA,8,31,TE,TE122,774.0
698,18926,Zay Jones,ARI,8,30,WR,WR252,780.0
699,18900,Mo Alie-Cox,IND,11,31,TE,TE123,781.0
700,18881,John Ross,SEA,8,29,WR,WR253,782.0
701,18652,C.J. Ham,MIN,6,32,FB,RB161,784.0
702,18422,Kalif Raymond,DET,8,30,WR,WR254,785.0
703,18118,Brandon Allen,TEN,10,32,QB,QB93,787.0
704,18030,Chris Moore,WAS,12,32,WR,WR255,788.0
705,17961,Sterling Shepard,TB,9,32,WR,WR256,791.0
706,17914,Laquon Treadwell,IND,11,30,WR,WR257,794.0
707,17762,Chris Manhertz,NYG,14,33,TE,TE124,795.0
708,17218,DeAndre Carter,CLE,9,32,WR,WR258,796.0
709,6489,Josh Johnson,WAS,12,39,QB,QB94,799.0
710,16790,Phillip Dorsett II,LV,8,32,WR,WR259,804.0
711,15974,Jordan Matthews,CAR,14,33,TE,TE125,811.0
712,15694,Case Keenum,CHI,5,37,QB,QB95,812.0
713,15150,Cordarrelle Patterson,PIT,5,34,RB,RB162,814.0
714,26274,Ben Yurosek,MIN,6,23,TE,TE126,818.0
715,25989,Lan Larison,NE,14,23,RB,RB163,824.0
716,26493,Amar Johnson,GB,5,22,RB,RB164,826.0
717,25969,Jake Briningstool,KC,10,22,TE,TE127,832.0
718,25910,Elijhah Badger,KC,10,23,WR,WR260,833.0
719,26333,Caleb Lohner,DEN,12,24,TE,TE128,838.0
720,25306,Dominic Lovett,DET,8,22,WR,WR261,839.0
721,25001,Konata Mumpfield,LAR,8,22,WR,WR262,840.0
722,26086,Graham Mertz,HOU,6,24,QB,QB96,841.0
723,26113,Gavin Bartholomew,MIN,6,22,TE,TE129,842.0
724,26104,LaJohntay Wester,BAL,7,23,WR,WR263,843.0
725,26279,Tommy Mellott,LV,8,23,WR,WR264,844.0
726,26254,Cam Miller,LV,8,24,QB,QB97,845.0
727,14697,Greg Zuerlein,NYJ,9,37,K,K41,846.0
728,25972,Jackson Hawes,BUF,7,24,TE,TE130,847.0
729,26124,Robbie Ouzts,SEA,8,22,FB,RB165,848.0
730,25954,Marcus Yarns,NO,11,23,RB,RB166,849.0
731,26089,Ja'Corey Brooks,WAS,12,23,WR,WR265,850.0
732,26085,Kyle McCord,PHI,9,22,QB,QB98,851.0
733,25977,Kobe Hudson,CAR,14,23,WR,WR266,852.0
734,25988,Moliki Matavao,NO,11,22,TE,TE131,853.0
735,26087,Kurtis Rourke,SF,14,24,QB,QB99,854.0
736,24992,Riley Leonard,IND,11,22,QB,QB100,855.0
737,25855,Alex Hale,GB,5,27,K,K42,856.0
738,25090,Terrell Jennings,NE,14,24,RB,RB167,857.0
739,25678,Jude McAtamney,NYG,14,25,K,K43,858.0
740,25647,David Martin-Robinson,TEN,10,25,TE,TE132,859.0
741,25322,Jabari Small,TEN,10,23,RB,RB168,860.0
742,25043,Jason Bean,IND,11,26,QB,QB101,862.0
743,25452,British Brooks,HOU,6,25,RB,RB169,863.0
744,25313,Joshua Cephus,JAX,8,24,WR,WR267,865.0
745,25391,McCallan Castles,LAC,12,25,TE,TE133,866.0
746,25513,Cam Grandy,CIN,10,25,TE,TE134,867.0
747,23196,George Holani,SEA,8,25,RB,RB170,868.0
748,25123,Jack Westover,NE,14,26,TE,TE135,869.0
749,25481,Ian Wheeler,CHI,5,23,RB,RB171,870.0
750,25353,Jack Plummer,CAR,14,25,QB,QB102,871.0
751,25058,Emani Bailey,CAR,14,23,RB,RB172,872.0
752,25642,Kameron Johnson,TB,9,23,WR,WR268,873.0
753,25440,D.J. Williams,TB,9,24,RB,RB173,874.0
754,25050,Chris Collier,LV,8,25,RB,RB174,877.0
755,25687,Bryce Oliver,TEN,10,25,WR,WR269,878.0
756,25108,Michael Wiley,WAS,12,24,RB,RB175,880.0
757,25674,Colson Yankoff,WAS,12,25,TE,TE136,881.0
758,25114,Austin Reed,CHI,5,25,QB,QB103,882.0
759,25358,Tanner Mordecai,SF,14,25,QB,QB104,884.0
760,25032,Xavier Weaver,ARI,8,24,WR,WR270,885.0
761,25409,Mason Tipton,NO,11,24,WR,WR271,887.0
762,25498,Ramel Keyton,LV,8,24,WR,WR272,888.0
763,25044,Carter Bradley,LV,8,25,QB,QB105,889.0
764,25199,Tahj Washington,MIA,12,24,WR,WR273,890.0
765,23146,Cornelius Johnson,GB,5,24,WR,WR274,891.0
766,25132,Jha'Quan Jackson,TEN,10,25,WR,WR275,892.0
767,25304,Casey Washington,ATL,5,24,WR,WR276,893.0
768,25124,Ryan Flournoy,DAL,10,25,WR,WR277,894.0
769,25120,Keilan Robinson,PHI,9,25,RB,RB176,895.0
770,25126,Anthony Gould,IND,11,24,WR,WR278,896.0
771,25133,Bub Means,NO,11,24,WR,WR279,897.0
772,25141,Tip Reiman,ARI,8,23,TE,TE137,898.0
773,25051,Dante Miller,NYG,14,26,RB,RB177,899.0
774,23213,Kendall Milton,CIN,10,23,RB,RB178,900.0
775,23182,Kedon Slovis,HOU,6,24,QB,QB106,901.0
776,25049,Cody Schrader,LAR,8,25,RB,RB179,902.0
777,24984,Jamari Thrash,CLE,9,24,WR,WR280,903.0
778,23144,Ainias Smith,PHI,9,24,WR,WR281,904.0
779,25205,Isaiah Williams,CIN,10,24,WR,WR282,905.0
780,25099,Dallin Holker,NO,11,25,TE,TE138,906.0
781,25104,Jaheim Bell,NE,14,24,TE,TE139,907.0
782,25014,Tanner McLachlan,CIN,10,26,TE,TE140,908.0
783,25134,Brevyn Spann-Ford,DAL,10,25,TE,TE141,909.0
784,25208,Erick All Jr.,CIN,10,24,TE,TE142,910.0
785,23201,Jase McClellan,ATL,5,23,RB,RB180,911.0
786,24991,Jawhar Jordan,HOU,6,25,RB,RB181,912.0
787,24939,Carson Steele,KC,10,22,FB,RB182,913.0
788,25100,Frank Gore Jr.,BUF,7,23,RB,RB183,915.0
789,25045,Rasheen Ali,BAL,7,24,RB,RB184,916.0
790,25047,Blake Watson,DEN,12,25,RB,RB185,917.0
791,25116,Jordan Travis,NYJ,9,25,QB,QB107,918.0
792,25109,Sam Hartman,WAS,12,26,QB,QB108,919.0
793,24776,John Stephens Jr.,DAL,10,25,TE,TE143,920.0
794,24278,Hunter Luepke,DAL,10,25,RB,RB186,921.0
795,24617,Princeton Fant,DAL,10,26,TE,TE144,922.0
796,24471,Ryan Miller,TB,9,25,WR,WR283,926.0
797,24310,Jordan Mims,TEN,10,26,RB,RB187,928.0
798,24511,Tyrell Shavers,BUF,7,25,WR,WR284,929.0
799,24343,Nikko Remigio,KC,10,25,WR,WR285,930.0
800,24345,Jason Brownlee,KC,10,26,WR,WR286,931.0
801,24625,Tommy DeVito,NYG,14,26,QB,QB109,932.0
802,24718,Brady Russell,SEA,8,26,FB,RB188,933.0
803,24749,Shedrick Jackson,LV,8,25,WR,WR287,935.0
804,24362,Malik Heath,GB,5,25,WR,WR288,936.0
805,24354,Blake Whiteheart,CLE,9,25,TE,TE145,937.0
806,24304,Carlos Washington Jr.,ATL,5,26,RB,RB189,938.0
807,24743,Xavier Smith,LAR,8,27,WR,WR289,939.0
808,24296,Brycen Tremayne,CAR,14,25,WR,WR290,940.0
809,24755,Elijah Cooks,PHI,9,26,WR,WR291,941.0
810,24626,Elijah Dotson,ATL,5,26,RB,RB190,942.0
811,24533,Ben Sims,GB,5,25,TE,TE146,945.0
812,24342,Mitchell Tinsley,CIN,10,25,WR,WR292,947.0
813,24507,Adrian Martinez,NYJ,9,25,QB,QB110,948.0
814,24598,Jared Wayne,HOU,6,24,WR,WR293,949.0
815,24293,Antoine Green,DET,8,25,WR,WR294,950.0
816,24494,Colton Dowell,TEN,10,26,WR,WR295,951.0
817,24397,Jalen Brooks,DAL,10,25,WR,WR296,952.0
818,24464,Xazavian Valladay,NO,11,27,RB,RB191,954.0
819,24279,Malik Cunningham,BAL,7,26,WR,WR297,955.0
820,24351,Stetson Bennett,LAR,8,27,QB,QB111,956.0
821,24121,Derius Davis,LAC,12,24,WR,WR298,958.0
822,24122,Charlie Jones,CIN,10,26,WR,WR299,959.0
823,24151,Payne Durham,TB,9,25,TE,TE147,960.0
824,23161,Jonathan Mingo,DAL,10,24,WR,WR300,961.0
825,24149,Brayden Willis,SF,14,25,TE,TE148,962.0
826,23195,Eric Gray,NYG,14,25,RB,RB192,963.0
827,22627,Ronnie Bell,DET,8,25,WR,WR301,964.0
828,23143,Will Mallory,IND,11,26,TE,TE149,965.0
829,24347,Xavier Hutchinson,HOU,6,25,WR,WR302,966.0
830,24170,Clayton Tune,ARI,8,26,QB,QB112,967.0
831,24373,Kenny McIntosh,SEA,8,25,RB,RB193,968.0
832,23249,Jake Haener,NO,11,26,QB,QB113,969.0
833,24148,Davis Allen,LAR,8,24,TE,TE150,970.0
834,24375,Josh Whyle,TEN,10,25,TE,TE151,971.0
835,24421,Cameron Latu,PHI,9,25,TE,TE152,972.0
