rk,id,player,pos,team,wk1,wk2,wk3,wk4,wk5,wk6,wk7,wk8,wk9,wk10,wk11,wk12,wk13,wk14,wk15,wk16,wk17,wk18,last3_share,last3_per_gp,last3_rec,last3_tgt,total_share,total_per_gp,total_rec,total_tgt
1,22564,Ja'Marr Chase,WR,CIN,6,5,7,6,12,6,6,11,11,17,13,,9,18,11,8,15,14,29.6,12.3,25,37,26.8,10.3,127,175
2,24953,Malik Nabers,WR,NYG,7,18,12,15,,,8,13,11,10,,9,13,10,14,14,8,8,33.0,10.0,19,30,32.9,11.3,109,170
3,23151,Drake London,WR,ATL,3,7,9,12,13,10,8,6,2,13,7,,16,10,3,8,13,18,39.0,13.0,22,39,28.3,9.3,100,158
4,21685,Justin Jefferson,WR,MIN,6,7,8,8,14,,8,9,9,9,8,5,9,7,14,13,11,9,27.7,11.0,21,33,28.1,9.1,103,154
5,23122,Garrett Wilson,WR,NYJ,11,6,9,8,23,10,9,8,10,6,8,,10,10,6,7,8,5,18.0,6.7,17,20,25.4,9.1,101,154
6,24943,Brock Bowers,TE,LV,8,9,4,3,12,10,14,5,8,,16,10,14,5,6,13,7,9,26.6,9.7,22,29,24.1,9.0,112,153
7,21679,CeeDee Lamb,WR,DAL,10,7,7,8,9,14,,17,12,10,12,12,6,7,13,8,,,22.9,8.0,7,8,26.5,10.1,101,152
8,23251,Trey McBride,TE,ARI,9,6,6,,9,8,7,11,4,5,,15,12,14,10,4,16,11,27.0,10.3,22,31,28.2,9.2,111,147
9,21692,Jerry Jeudy,WR,CLE,8,6,7,9,3,3,6,8,11,,11,6,13,6,14,3,18,13,29.6,11.3,20,34,21.9,8.5,90,145
10,16470,Davante Adams,WR,NYJ,6,12,9,,,,9,6,11,13,7,,12,11,12,13,8,12,29.7,11.0,18,33,28.6,10.1,85,141
11,22587,Amon-Ra St. Brown,WR,DET,6,18,8,6,,4,8,2,7,8,11,7,7,6,18,8,10,7,25.3,8.3,20,25,25.6,8.3,115,141
12,19844,DJ Moore,WR,CHI,8,10,10,6,8,5,,4,9,6,7,7,16,8,8,10,8,10,28.6,9.3,22,28,24.7,8.2,98,140
13,23170,Wan'Dale Robinson,WR,NYG,12,4,8,14,9,11,9,5,4,8,,5,2,11,9,12,6,11,31.9,9.7,22,29,23.7,8.2,93,140
14,23157,Jaxon Smith-Njigba,WR,SEA,2,16,3,12,7,9,6,7,13,,11,7,4,5,12,12,6,5,24.7,7.7,15,23,23.1,8.1,100,137
15,19800,Courtland Sutton,WR,DEN,12,4,11,9,5,6,0,11,10,9,8,10,9,,9,6,9,7,22.0,7.3,15,22,23.7,7.9,81,135
16,24933,Brian Thomas Jr.,WR,JAX,4,4,9,9,8,6,5,4,4,3,7,,10,12,14,13,10,11,36.6,11.3,23,34,24.4,7.8,87,133
17,15048,Travis Kelce,TE,KC,4,3,5,9,10,,5,12,16,12,4,8,13,6,8,7,11,,22.8,9.0,13,18,22.8,8.3,97,133
18,20876,Jakobi Meyers,WR,LV,3,5,9,10,9,,,7,11,,6,15,11,10,9,5,9,10,22.0,8.0,16,24,23.4,8.6,87,129
19,18082,Tyreek Hill,WR,MIA,12,6,5,7,10,,2,9,5,4,8,6,9,14,7,7,9,3,18.8,6.3,14,19,20.8,7.2,81,123
20,15076,Keenan Allen,WR,CHI,11,,,3,6,5,,7,10,6,8,15,8,5,13,13,8,3,24.5,8.0,17,24,25.4,8.1,70,121
21,19802,Calvin Ridley,WR,TEN,7,6,3,3,,8,9,15,8,9,6,6,7,12,5,5,6,5,17.6,5.3,11,16,22.6,7.1,64,120
22,20873,Terry McLaurin,WR,WAS,4,8,6,10,8,7,6,8,3,6,2,6,8,,10,6,7,12,23.6,8.3,14,25,22.3,6.9,82,117
23,24974,Marvin Harrison Jr.,WR,ARI,3,8,11,6,7,2,6,7,5,5,,6,12,8,6,8,10,6,20.9,8.0,15,24,21.4,6.8,62,116
24,23120,Zay Flowers,WR,BAL,10,11,4,2,12,9,1,12,6,6,6,8,7,,7,8,5,2,20.8,5.0,8,15,24.3,6.8,74,116
25,21717,Jauan Jennings,WR,SF,5,4,12,6,4,5,,,,11,11,7,5,8,9,6,10,10,21.1,8.7,18,26,23.7,7.5,77,113
26,25097,Ladd McConkey,WR,LAC,7,4,6,7,,8,7,6,7,2,9,6,12,,7,6,10,8,22.4,8.0,19,24,23.3,7.0,82,112
27,18990,Jonnu Smith,TE,MIA,2,7,3,1,8,,7,6,6,4,8,11,11,4,11,6,4,12,21.8,7.3,18,22,18.8,6.5,88,111
28,21744,Michael Pittman Jr.,WR,IND,8,7,5,9,8,5,5,6,4,,8,7,7,,9,3,10,10,25.8,7.7,17,23,23.2,6.9,69,111
29,16597,Mike Evans,WR,TB,6,6,3,14,7,6,3,,,,,6,12,5,11,8,9,14,29.0,10.3,22,31,23.9,7.9,74,110
30,21690,Tee Higgins,WR,CIN,,,6,10,14,7,8,,,,13,,10,5,8,11,12,5,22.4,9.3,23,28,24.0,9.1,73,109
31,20875,DK Metcalf,WR,SEA,4,14,6,12,7,11,7,,,,9,5,9,6,3,7,3,5,16.1,5.0,9,15,20.4,7.2,66,108
32,24145,Josh Downs,WR,IND,,,5,9,12,9,3,9,9,10,5,7,,,8,4,4,13,23.6,7.0,16,21,24.5,7.6,72,107
33,21961,Darnell Mooney,WR,ATL,3,7,8,6,16,5,8,6,9,9,4,,6,7,1,6,5,,17.7,5.5,7,11,20.3,6.6,64,106
34,24172,Puka Nacua,WR,LAR,4,,,,,,,9,4,14,9,13,8,14,8,9,14,,45.1,11.5,18,23,28.8,9.6,79,106
35,23153,George Pickens,WR,PIT,7,4,7,11,7,8,9,5,,7,12,7,6,,,,7,6,19.1,6.5,4,13,24.6,7.4,59,103
36,22592,Elijah Moore,WR,CLE,6,8,3,1,4,1,6,12,9,,8,5,14,4,6,5,5,5,13.0,5.0,6,15,15.4,6.0,61,102
37,24977,Rome Odunze,WR,CHI,4,5,11,3,6,2,,6,7,6,10,10,6,5,7,7,4,2,13.3,4.3,7,13,17.8,5.9,54,101
38,23227,Khalil Shakir,WR,BUF,3,5,6,5,,2,7,10,7,9,12,,7,8,7,6,6,,21.1,6.0,5,12,21.8,6.7,76,100
39,18882,Cooper Kupp,WR,LAR,21,6,,,,,,8,14,7,10,11,6,8,3,3,3,,11.8,3.0,4,6,25.3,8.3,67,100
40,21756,Nico Collins,WR,HOU,8,10,10,15,2,,,,,,7,9,11,,6,10,6,5,21.2,7.0,15,21,23.8,8.2,68,99
41,23162,Jordan Addison,WR,MIN,4,,,4,8,,4,3,5,5,8,9,6,12,9,8,8,6,18.5,7.3,12,22,20.0,6.6,63,99
42,24924,Xavier Worthy,WR,KC,3,4,4,4,6,,8,8,2,4,5,6,7,6,11,11,9,0,20.8,6.7,15,20,16.3,5.8,59,98
43,17975,Hunter Henry,TE,NE,3,12,3,3,4,5,9,6,8,4,9,8,9,,4,8,2,,16.7,5.0,4,10,19.4,6.1,66,97
44,18876,David Njoku,TE,CLE,5,,,,3,7,14,7,7,,9,5,17,13,,10,,,29.4,10.0,8,10,21.9,8.8,64,97
45,21042,A.J. Brown,WR,PHI,10,,,,,9,5,6,4,7,8,7,6,4,11,15,5,,42.6,10.0,11,20,31.4,7.5,67,97
46,19063,George Kittle,TE,SF,5,8,,4,12,6,7,7,,4,,6,2,6,7,9,8,3,16.3,6.7,18,20,19.8,6.3,78,94
47,24226,Quentin Johnston,WR,LAC,5,6,2,5,,4,,,5,2,8,5,4,7,10,6,8,14,26.2,9.3,21,28,20.7,6.1,55,91
48,23234,Jameson Williams,WR,DET,9,11,3,2,,4,1,,,5,6,7,7,8,5,7,8,8,23.2,7.7,16,23,17.8,6.1,58,91
49,14856,Zach Ertz,TE,WAS,4,4,5,3,8,5,5,11,1,8,7,8,6,,2,2,7,5,13.2,4.7,12,14,17.3,5.4,66,91
50,21687,DeVonta Smith,WR,PHI,8,10,10,,,4,2,7,6,3,6,,,6,12,8,7,,31.9,7.5,12,15,26.5,6.8,68,89
51,18878,Alvin Kamara,RB,NO,5,3,3,9,8,8,7,11,9,6,4,,6,5,5,,,,15.6,5.0,0,0,20.1,6.4,68,89
52,24179,De'Von Achane,RB,MIA,7,7,5,3,1,,3,8,8,5,4,4,9,7,7,7,2,0,8.9,3.0,8,9,14.7,5.1,78,87
53,19961,Ray-Ray McCloud III,WR,ATL,7,5,3,7,9,4,4,3,3,4,6,,6,11,3,4,1,7,12.0,4.0,8,12,15.6,5.1,62,87
54,23134,Cade Otton,TE,TB,2,2,8,9,4,6,10,10,11,8,,3,7,4,3,,,,11.1,3.0,0,0,18.8,6.2,59,87
55,24180,DeMario Douglas,WR,NE,3,0,9,3,9,9,3,3,9,5,6,7,4,,3,5,5,4,15.6,4.7,11,14,16.4,5.1,66,87
56,23138,Jake Ferguson,TE,DAL,5,,11,7,7,4,,8,10,5,1,,,6,4,9,5,4,18.4,6.0,11,18,16.3,6.1,59,86
57,16765,Amari Cooper,WR,CLE,9,8,12,8,10,6,5,2,,,3,,3,14,0,2,3,,8.8,2.5,4,5,18.8,6.1,44,85
58,19920,Dalton Schultz,TE,HOU,3,3,5,5,6,8,2,6,6,4,7,2,7,,4,8,6,3,17.2,5.7,10,17,14.9,5.0,53,85
59,25003,Xavier Legette,WR,CAR,7,0,3,10,1,4,3,7,6,4,,6,8,8,3,,9,5,22.2,7.0,8,14,16.1,5.2,49,84
60,23141,Sam LaPorta,TE,DET,5,3,2,4,,1,2,6,3,6,,6,6,7,10,7,8,7,22.2,7.3,17,22,16.0,5.2,60,83
61,19853,Mike Gesicki,TE,CIN,4,9,5,1,2,0,1,8,6,9,2,,5,3,4,2,12,10,19.2,8.0,20,24,12.7,4.9,65,83
62,22598,Jaylen Waddle,WR,MIA,5,4,5,6,8,,2,6,2,6,3,9,4,12,2,,,9,22.0,9.0,4,9,15.6,5.5,58,83
63,20932,Deebo Samuel Sr.,WR,SF,9,10,,5,3,5,0,7,,6,7,4,5,3,7,9,1,,12.5,5.0,8,10,17.6,5.4,51,81
64,24176,Tank Dell,WR,HOU,7,4,6,,4,9,4,4,9,9,7,5,4,,2,7,,,17.9,7.0,6,7,17.2,5.8,51,81
65,24177,Tre Tucker,WR,LV,3,2,9,6,5,2,8,3,6,,4,8,1,5,3,4,8,4,14.7,5.3,7,16,12.8,4.8,47,81
66,14986,DeAndre Hopkins,WR,KC,1,2,7,4,,6,1,3,9,5,4,6,9,9,6,4,4,,10.1,4.0,6,8,13.8,5.0,56,80
67,22597,Jalen Tolbert,WR,DAL,2,9,5,3,10,5,,3,6,5,5,4,4,3,2,3,4,6,13.3,4.3,9,13,12.4,4.6,49,79
68,22507,Pat Freiermuth,TE,PIT,4,4,5,7,3,3,3,2,,3,2,4,7,3,6,3,8,11,21.8,7.3,18,22,15.6,4.6,65,78
69,22526,Breece Hall,RB,NYJ,6,8,5,5,4,6,9,3,4,4,7,,1,,2,6,1,5,10.8,4.0,9,12,13.4,4.8,57,76
70,23253,Dontayvion Wicks,WR,GB,3,4,2,13,7,3,6,2,3,,1,2,5,5,2,7,5,6,21.2,6.0,12,18,15.9,4.5,39,76
71,24102,Dalton Kincaid,TE,BUF,2,4,5,7,6,7,6,7,10,5,,,,,7,7,2,,15.8,4.5,6,9,19.1,5.8,44,75
72,23233,Jayden Reed,WR,GB,6,2,6,8,6,6,4,3,6,,2,3,6,1,6,4,4,2,11.8,3.3,6,10,15.7,4.4,55,75
73,16830,Tyler Lockett,WR,SEA,7,2,8,9,6,8,6,3,4,,3,3,3,1,1,2,4,4,10.8,3.3,7,10,12.5,4.4,49,74
74,22508,Kyle Pitts Sr.,TE,ATL,3,4,5,3,8,5,9,5,1,6,3,,2,6,4,2,5,3,10.0,3.3,7,10,13.2,4.4,47,74
75,22623,Rashod Bateman,WR,BAL,5,4,4,1,8,4,4,5,4,8,5,3,0,,5,3,1,8,16.7,4.0,7,12,15.1,4.2,45,72
76,23167,Romeo Doubs,WR,GB,7,3,2,8,,4,10,6,5,,2,6,,,5,3,11,,23.3,7.0,9,14,18.9,5.5,46,72
77,23189,Bijan Robinson,RB,ATL,5,5,2,4,3,4,5,7,7,4,4,,6,2,2,2,5,5,12.0,4.0,7,12,12.9,4.2,61,72
78,19988,Tyler Conklin,TE,NYJ,2,2,6,8,9,3,4,4,2,2,2,,5,5,,7,8,3,16.2,6.0,15,18,12.5,4.5,51,72
79,24173,Michael Wilson,WR,ARI,2,2,9,7,6,4,3,6,1,4,,4,7,3,2,5,6,,13.8,5.5,6,11,14.0,4.4,47,71
80,20943,Darius Slayton,WR,NYG,4,4,2,5,11,11,3,7,3,,,2,6,6,1,2,3,1,6.6,2.0,2,6,12.8,4.4,39,71
81,22558,Javonte Williams,RB,DEN,2,5,4,3,6,6,3,5,3,2,5,4,2,,3,11,2,4,17.0,5.7,12,17,12.3,4.1,52,70
82,23489,Chig Okonkwo,TE,TEN,2,3,2,3,,3,4,5,4,1,4,1,6,4,10,11,7,0,19.8,6.0,14,18,13.2,4.1,52,70
83,24118,Tucker Kraft,TE,GB,3,2,3,9,5,4,4,3,6,,1,2,7,5,2,4,3,7,16.5,4.7,9,14,14.6,4.1,50,70
84,23232,Alec Pierce,WR,IND,3,7,2,2,3,4,5,4,3,7,4,4,6,,4,,9,2,14.1,5.5,8,11,13.7,4.3,37,69
85,19803,Mark Andrews,TE,BAL,2,5,1,1,5,4,4,5,2,7,3,5,7,,2,6,2,8,22.2,5.3,10,16,14.5,4.1,55,69
86,23121,Kayshon Boutte,WR,NE,,,2,1,2,3,2,6,6,6,6,4,6,,5,7,5,7,21.1,6.3,16,19,14.2,4.5,43,68
87,21077,Diontae Johnson,WR,HOU,6,6,14,13,6,10,3,,0,2,2,1,,,,,,4,14.3,4.0,2,4,18.6,5.6,33,67
88,21738,Juwan Johnson,TE,NO,3,0,0,3,5,3,6,4,2,3,3,,7,5,3,2,10,7,17.6,6.3,14,19,12.0,3.9,50,66
89,22613,Joshua Palmer,WR,LAC,4,2,,4,,3,5,4,4,2,4,8,1,9,3,6,6,,16.9,6.0,7,12,14.3,4.3,39,65
90,24374,Chase Brown,RB,CIN,3,0,3,3,3,3,2,4,5,11,7,,3,8,3,3,4,,8.9,3.5,7,7,10.7,4.1,54,65
91,18912,Evan Engram,TE,JAX,4,,,,,10,5,5,10,8,7,,9,6,,,,,19.4,6.0,0,0,24.2,7.1,47,64
92,20753,Noah Fant,TE,SEA,4,3,6,2,3,6,4,4,,,,,4,4,7,6,5,6,18.3,5.7,12,17,12.9,4.6,48,64
93,19950,Will Dissly,TE,LAC,1,3,3,3,,5,11,7,3,6,6,4,1,2,,,3,6,11.8,4.5,7,9,14.4,4.3,50,64
94,21142,Olamide Zaccheaus,WR,WAS,3,3,0,6,3,6,6,0,2,3,2,1,3,,4,8,9,5,20.8,7.3,15,22,12.2,3.8,45,64
95,16906,Stefon Diggs,WR,HOU,6,6,12,9,8,7,7,9,,,,,,,,,,,24.3,9.0,0,0,22.9,8.0,47,64
96,18047,Demarcus Robinson,WR,LAR,7,4,4,3,5,,3,3,9,5,4,3,3,1,1,1,2,6,9.8,3.0,3,9,11.4,3.8,31,64
97,23200,Jahmyr Gibbs,RB,DET,6,7,0,0,,5,4,1,2,3,1,3,4,6,7,5,4,5,14.1,4.7,13,14,11.4,3.7,52,63
98,22602,Tutu Atwell,WR,LAR,0,4,5,6,10,,9,2,3,1,2,3,2,3,2,2,0,8,10.9,3.3,6,10,11.1,3.6,42,62
99,15534,Adam Thielen,WR,CAR,4,3,5,,,,,,,,,4,10,11,7,6,6,6,20.2,6.0,15,18,19.0,6.2,48,62
100,19045,Aaron Jones,RB,MIN,2,6,6,5,1,,3,2,4,3,1,4,4,2,3,5,5,6,13.4,5.3,12,16,11.3,3.6,51,62
101,18880,Chris Godwin,WR,TB,8,8,9,9,6,13,9,,,,,,,,,,,,20.0,9.0,0,0,26.5,8.9,50,62
102,20805,T.J. Hockenson,TE,MIN,,,,,,,,,4,9,3,9,6,5,7,5,6,8,16.0,6.3,9,19,17.3,6.2,41,62
103,24119,Andrei Iosivas,WR,CIN,6,4,7,1,2,3,1,3,4,4,3,,4,5,4,3,4,3,8.0,3.3,8,10,9.4,3.6,36,61
104,20145,Allen Lazard,WR,NYJ,9,4,3,8,9,7,4,,,,,,,1,4,5,3,3,9.9,3.7,6,11,13.5,5.0,37,60
105,21734,Nick Westbrook-Ikhine,WR,TEN,0,0,0,0,,2,4,4,6,3,6,5,8,2,3,4,6,7,18.7,5.7,9,17,11.3,3.5,32,60
106,17963,Austin Hooper,TE,NE,4,1,4,2,3,2,5,4,1,4,4,4,4,,3,5,3,6,15.6,4.7,11,14,11.2,3.5,45,59
107,23256,Isaiah Likely,TE,BAL,12,3,1,2,3,4,4,4,1,,5,0,8,,2,3,1,5,12.5,3.0,7,9,13.1,3.6,42,58
108,19903,Jordan Akins,TE,CLE,4,1,7,2,3,0,4,1,4,,4,4,1,1,4,2,8,8,15.7,6.0,13,18,8.8,3.4,40,58
109,22566,Calvin Austin III,WR,PIT,2,2,5,1,2,5,4,4,,6,2,3,2,4,5,5,5,1,10.9,3.7,8,11,11.6,3.4,36,58
110,25098,Jalen McMillan,WR,TB,3,2,1,,,1,8,7,,,,2,3,7,6,7,5,6,16.8,6.0,15,18,13.2,4.5,37,58
111,23217,Rachaad White,RB,TB,6,1,6,3,3,,6,6,3,7,,1,1,3,2,8,1,0,8.4,3.0,8,9,10.7,3.6,51,57
112,24964,Keon Coleman,WR,BUF,5,1,1,4,5,4,7,7,2,,,,,,2,2,7,10,21.3,6.3,6,19,14.7,4.4,29,57
113,17986,Tyler Boyd,WR,TEN,5,5,4,2,,3,5,6,0,0,3,6,4,4,3,3,4,,10.8,3.5,4,7,11.3,3.6,39,57
114,20912,Tony Pollard,RB,TEN,4,6,4,2,,3,6,4,3,4,4,5,6,2,0,4,,0,6.7,2.0,2,4,11.4,3.6,41,57
115,19120,David Moore,WR,CAR,3,1,0,0,3,2,0,5,4,4,,10,9,5,4,3,1,3,7.9,2.3,4,7,10.4,3.4,32,57
116,19080,Noah Brown,WR,WAS,,3,3,4,,8,1,6,6,7,4,10,4,,,,,,13.3,4.0,0,0,16.7,5.1,35,56
117,21772,Cole Kmet,TE,CHI,1,5,11,3,4,5,,1,0,4,3,10,3,0,1,2,0,2,4.1,1.3,4,4,9.7,3.2,47,55
118,25198,Devaughn Vele,WR,DEN,8,,,,,6,3,3,3,4,5,9,4,,1,3,2,4,9.0,3.0,8,9,12.3,4.2,41,55
119,24954,Adonai Mitchell,WR,IND,5,4,1,3,7,4,3,4,1,6,2,3,2,,4,1,4,1,6.7,2.0,3,6,10.7,3.2,23,55
120,18983,James Conner,RB,ARI,4,1,1,1,3,5,4,3,3,5,,5,4,4,5,4,3,,8.8,3.5,6,7,10.8,3.4,47,55
121,21691,Chuba Hubbard,RB,CAR,0,5,5,4,4,6,0,2,3,6,,5,0,5,4,5,,,19.2,5.0,4,5,11.2,3.6,43,54
122,16568,Brandin Cooks,WR,DAL,7,2,6,4,,,,,,,,,7,3,5,3,8,9,20.4,6.7,10,20,15.6,5.4,26,54
123,24223,Brenton Strange,TE,JAX,0,6,5,3,4,2,0,5,0,3,1,,2,1,12,4,1,4,9.7,3.0,6,9,9.7,3.1,40,53
124,23395,Christian Watson,WR,GB,5,0,2,1,,4,2,6,7,,4,3,4,7,6,1,,1,3.6,1.0,0,2,12.5,3.5,29,53
125,25092,Tyrone Tracy Jr.,RB,NYG,3,0,2,1,2,6,3,3,1,2,,4,3,10,4,4,3,2,9.9,3.0,8,9,9.0,3.1,38,53
126,24973,Troy Franklin,WR,DEN,,1,5,4,2,3,6,2,4,3,2,4,5,,5,3,2,2,7.0,2.3,5,7,10.0,3.3,28,53
127,23214,Kenneth Walker III,RB,SEA,3,,,5,8,8,2,5,3,,2,6,3,,,8,,,18.6,8.0,8,8,13.2,4.8,46,53
128,23173,Zach Charbonnet,RB,SEA,3,5,4,5,5,1,1,4,3,,2,0,3,7,4,2,3,0,5.4,1.7,5,5,8.8,3.1,42,52
129,18858,Joe Mixon,RB,HOU,3,5,,,,3,3,6,0,4,4,6,6,,6,2,3,1,6.1,2.0,4,6,11.6,3.7,36,52
130,24068,KaVontae Turpin,WR,DAL,1,4,3,0,5,7,,4,4,0,3,1,5,4,1,1,4,5,10.2,3.3,5,10,8.2,3.1,31,52
131,23165,Marvin Mims Jr.,WR,DEN,1,2,1,0,1,3,3,2,2,4,2,5,4,,4,5,8,5,18.0,6.0,16,18,9.1,3.1,39,52
132,21684,D'Andre Swift,RB,CHI,1,5,4,7,2,4,,0,6,1,2,4,3,2,1,3,5,2,10.2,3.3,7,10,9.2,3.1,42,52
133,24967,Bucky Irving,RB,TB,3,0,3,2,2,2,3,7,3,3,,6,3,1,2,3,4,5,11.2,4.0,9,12,9.1,3.1,47,52
134,21696,Travis Etienne Jr.,RB,JAX,3,4,6,2,7,1,,,3,1,3,,3,4,5,3,2,5,10.8,3.3,6,10,10.5,3.5,39,52
135,19863,Dallas Goedert,TE,PHI,5,4,11,8,,1,,,,3,5,5,4,,,,,6,14.6,6.0,4,6,18.0,5.2,42,52
136,20802,Justice Hill,RB,BAL,8,2,2,6,2,1,3,1,3,2,7,2,6,,5,1,,,4.3,1.0,0,1,11.9,3.4,42,51
137,17961,Sterling Shepard,WR,TB,,,0,5,2,4,1,5,5,3,,7,7,6,1,3,,2,6.7,2.5,2,5,10.4,3.6,32,51
138,24143,Parker Washington,WR,JAX,1,1,3,0,0,0,0,4,6,0,3,,12,2,6,6,3,4,14.0,4.3,11,13,9.3,3.0,32,51
139,19023,Mack Hollins,WR,BUF,2,1,2,6,6,2,1,0,5,4,2,,1,6,3,3,2,4,10.1,3.0,7,9,9.6,2.9,31,50
140,21071,Greg Dortch,WR,ARI,8,2,6,4,2,5,2,2,1,1,,2,3,1,3,1,3,4,7.0,2.7,8,8,9.2,2.9,37,50
141,24348,Cedric Tillman,WR,CLE,1,2,2,0,0,0,12,9,11,,8,4,,,,,,,14.8,4.0,0,0,11.9,4.5,29,49
142,21807,Colby Parkinson,TE,LAR,5,2,5,7,13,,2,2,0,0,1,2,1,1,5,1,1,1,3.3,1.0,1,3,8.8,2.9,30,49
143,21952,Rico Dowdle,RB,DAL,1,5,5,1,2,6,,,6,3,5,3,3,2,0,3,1,3,7.1,2.3,6,7,8.2,3.1,39,49
144,21785,Noah Gray,TE,KC,3,0,2,4,2,,4,3,1,2,5,4,6,5,5,1,1,1,3.1,1.0,3,3,8.2,2.9,40,49
145,20868,Alexander Mattison,RB,LV,6,0,3,1,3,5,3,5,0,,3,,,,4,7,3,5,13.8,5.0,9,15,9.4,3.4,36,48
146,21768,Najee Harris,RB,PIT,2,2,5,6,2,2,1,4,,0,5,2,6,0,1,1,4,5,9.9,3.3,6,10,9.6,2.8,36,48
147,23479,Jaylen Warren,RB,PIT,2,2,1,,,3,3,3,,2,4,5,4,5,2,5,6,1,11.9,4.0,10,12,11.0,3.2,38,48
148,19815,Christian Kirk,WR,JAX,4,3,10,12,4,6,3,5,,,,,,,,,,,15.6,5.0,0,0,18.7,5.9,27,47
149,16815,Ameer Abdullah,RB,LV,0,2,2,0,3,5,0,2,3,,3,6,2,2,7,6,4,,13.7,5.0,8,10,7.8,2.9,40,47
150,21747,Brandon Aiyuk,WR,SF,5,5,10,5,12,4,6,,,,,,,,,,,,19.4,6.0,0,0,21.8,6.7,25,47
151,24982,Ricky Pearsall,WR,SF,,,,,,,5,4,,6,2,0,1,2,4,4,10,8,17.9,7.3,18,22,13.2,4.2,31,46
152,25122,Jalen Coker,WR,CAR,,,,1,4,3,1,6,3,8,,,,,6,5,2,7,15.7,4.7,11,14,13.6,4.2,32,46
153,18928,Curtis Samuel,WR,BUF,2,2,3,2,4,4,1,,1,8,6,,0,3,2,,,8,25.0,8.0,7,8,10.7,3.3,31,46
154,20816,Lil'Jordan Humphrey,WR,DEN,1,5,8,1,2,1,3,6,5,3,4,3,0,,1,0,0,2,2.0,0.7,2,2,7.9,2.6,31,45
155,22565,Chris Olave,WR,NO,2,6,6,10,4,1,,14,1,,,,,,,,,,3.1,1.0,0,0,17.6,5.5,32,44
156,19976,Marquez Valdes-Scantling,WR,NO,2,1,2,1,3,0,,,1,3,4,,3,7,7,,2,8,12.8,5.0,3,10,10.4,3.1,19,44
157,19207,Tim Patrick,WR,DET,,4,1,2,,3,2,1,2,0,4,4,3,7,8,1,0,2,3.0,1.0,2,3,8.4,2.8,33,44
158,20884,Foster Moreau,TE,NO,4,0,2,0,2,2,2,1,2,2,4,,4,2,4,3,5,4,11.1,4.0,9,12,7.8,2.5,32,43
159,23205,Jerome Ford,RB,CLE,7,2,4,7,3,0,,,3,,4,1,1,4,2,5,0,,6.2,2.5,5,5,8.1,3.1,37,43
160,24947,Ja'Tavion Sanders,TE,CAR,1,2,1,2,5,7,6,1,5,2,,3,,1,1,0,1,5,6.7,2.0,4,6,8.6,2.7,33,43
161,20824,Josh Jacobs,RB,GB,3,0,1,6,1,3,5,2,3,,5,1,4,0,4,4,0,1,5.9,1.7,5,5,9.0,2.5,36,43
162,23142,Theo Johnson,TE,NYG,4,0,3,1,5,3,0,4,6,6,,6,5,,,,,,15.6,5.0,0,0,10.4,3.6,29,43
163,19766,Saquon Barkley,RB,PHI,2,5,4,4,,2,3,1,4,1,3,4,4,1,2,1,2,,6.4,1.5,2,3,10.6,2.7,33,43
164,23161,Jonathan Mingo,WR,DAL,5,2,4,5,5,1,0,3,1,,4,2,4,1,0,0,3,2,5.1,1.7,3,5,7.3,2.5,17,42
165,23368,Jalen Nailor,WR,MIN,1,4,4,2,0,,5,4,1,3,2,2,2,0,1,2,5,4,9.2,3.7,9,11,7.7,2.5,28,42
166,21735,Gabe Davis,WR,JAX,3,7,6,5,4,8,2,0,,4,3,,,,,,,,10.3,3.0,0,0,13.9,4.2,20,42
167,23729,Rashid Shaheed,WR,NO,5,4,5,11,9,7,,,,,,,,,,,,,17.5,7.0,0,0,23.3,6.8,20,41
168,19562,Austin Ekeler,RB,WAS,4,3,2,,2,5,2,3,4,2,9,3,,,,,,2,6.5,2.0,2,2,11.4,3.4,35,41
169,22546,Rhamondre Stevenson,RB,NE,3,5,0,5,4,,3,3,5,1,4,2,3,,1,1,1,,3.3,1.0,1,2,8.8,2.7,33,41
170,21675,Tyler Johnson,WR,LAR,7,3,4,1,0,,7,1,5,4,0,1,1,0,0,,,7,17.1,7.0,4,7,8.1,2.7,26,41
171,23212,Kyren Williams,RB,LAR,3,5,2,4,1,,0,7,3,6,0,0,1,2,2,1,3,,7.8,2.0,4,4,7.7,2.5,34,40
172,22686,Dyami Brown,WR,WAS,0,4,2,1,2,1,3,1,1,3,2,2,5,,4,5,,4,12.9,4.5,7,9,8.2,2.5,30,40
173,21739,Van Jefferson,WR,PIT,2,3,0,3,5,0,3,5,,2,1,2,3,1,2,3,1,4,7.9,2.7,5,8,8.0,2.4,24,40
174,20882,David Montgomery,RB,DET,1,4,3,1,,1,4,1,3,2,3,3,3,5,4,,,,6.8,4.0,0,0,8.4,2.7,36,38
175,21674,J.K. Dobbins,RB,LAC,3,1,3,4,,2,3,7,2,3,1,5,,,,,1,3,5.3,2.0,4,4,9.7,2.9,32,38
176,19318,Kendrick Bourne,WR,NE,,,,,1,2,2,3,6,,5,5,3,,3,2,4,2,8.9,2.7,6,8,9.6,3.2,28,38
177,23247,James Cook,RB,BUF,3,1,5,1,3,,0,3,6,3,6,,1,2,1,3,0,0,3.4,1.0,3,3,7.7,2.4,32,38
178,25106,AJ Barner,TE,SEA,0,0,3,2,1,1,1,2,7,,4,4,2,1,3,2,0,5,7.5,2.3,7,7,6.4,2.2,30,38
179,24375,Josh Whyle,TE,TEN,0,2,5,1,,1,4,2,2,1,1,0,3,2,5,0,1,7,8.8,2.7,5,8,7.0,2.2,28,37
180,23160,John Metchie III,WR,HOU,,,,1,0,0,0,4,2,6,3,3,2,,4,,8,4,20.0,6.0,7,12,8.8,2.8,24,37
181,25103,Malik Washington,WR,MIA,,,,1,0,,3,0,0,2,3,2,4,1,6,4,5,5,13.9,4.7,11,14,7.5,2.6,26,36
182,24288,Luke Schoonmaker,TE,DAL,0,6,2,0,2,0,,0,0,1,10,4,6,2,0,1,0,2,3.1,1.0,3,3,5.7,2.1,27,36
183,24123,Tyjae Spears,RB,TEN,4,2,4,2,,0,,,,3,3,,0,2,7,4,4,,12.3,4.0,6,8,9.5,2.9,30,35
184,18993,Samaje Perine,RB,KC,2,1,4,0,2,,1,2,5,2,4,2,1,2,1,3,2,1,6.2,2.0,6,6,5.8,2.1,28,35
185,18914,Mike Williams,WR,PIT,0,1,4,5,4,3,2,0,2,1,0,0,0,4,2,3,2,1,5.9,2.0,4,6,5.6,1.9,21,34
186,23155,Jahan Dotson,WR,PHI,1,1,3,4,,3,1,0,1,1,2,1,1,2,1,0,0,11,12.5,3.7,7,11,7.4,1.9,19,33
187,20850,Dawson Knox,TE,BUF,2,0,2,1,0,1,3,2,2,3,6,,2,1,3,2,3,,8.8,2.5,3,5,6.8,2.1,22,33
188,24952,Ja'Lynn Polk,WR,NE,1,3,2,7,6,4,3,,1,1,0,2,1,,1,0,1,,1.7,0.5,0,1,7.0,2.2,12,33
189,23140,Michael Mayer,TE,LV,3,1,3,,,,,,,,3,2,2,9,2,1,2,4,6.4,2.3,5,7,7.5,2.9,21,32
190,19922,Justin Watson,WR,KC,1,2,2,3,0,,1,3,4,2,2,2,3,0,1,1,2,3,6.2,2.0,3,6,5.3,1.9,22,32
191,22662,Tommy Tremble,TE,CAR,,4,3,0,2,,,3,,,,2,8,2,2,3,0,3,6.7,2.0,5,6,7.8,2.7,23,32
192,18944,Kareem Hunt,RB,KC,,,,3,1,,2,1,1,10,0,4,4,1,2,3,0,,3.8,1.5,2,3,6.5,2.5,23,32
193,21682,Jonathan Taylor,RB,IND,0,4,2,4,,,,1,5,4,2,0,1,,2,0,4,2,6.7,2.0,3,6,7.6,2.2,18,31
194,14901,Kyle Juszczyk,FB,SF,3,5,1,1,0,4,3,1,,0,2,1,0,2,0,3,2,3,6.5,2.7,4,8,5.8,1.8,19,31
195,19238,Taysom Hill,QB,NO,2,1,,0,,,,4,5,2,10,,7,,,,,,18.9,7.0,0,0,12.9,3.9,23,31
196,22823,Kylen Granson,TE,IND,1,2,1,0,0,1,2,2,1,2,2,2,3,,4,0,4,4,9.0,2.7,4,8,6.0,1.8,14,31
197,14871,Robert Woods,WR,HOU,0,0,2,3,0,,,2,3,3,2,1,1,,2,6,2,3,11.1,3.7,7,11,5.8,2.0,20,30
198,23486,Grant Calcaterra,TE,PHI,1,2,0,2,,4,1,3,5,1,0,1,0,3,1,0,2,4,6.8,2.0,3,6,6.7,1.8,24,30
199,20933,Miles Sanders,RB,CAR,2,3,2,4,3,1,2,7,2,0,,,,,,,,4,11.4,4.0,3,4,8.6,2.7,24,30
200,24397,Jalen Brooks,WR,DAL,1,3,3,0,1,6,,1,5,4,,3,1,,1,,1,0,1.6,0.5,1,1,5.8,2.1,12,30
201,21861,Antonio Gibson,RB,NE,0,1,3,4,1,4,1,0,1,0,1,2,0,,2,2,1,6,10.0,3.0,6,9,5.5,1.7,23,29
202,24120,Rashee Rice,WR,KC,9,6,14,0,,,,,,,,,,,,,,,0.0,0.0,0,0,24.0,7.2,24,29
203,16781,Nelson Agholor,WR,BAL,1,3,1,3,4,3,2,5,1,2,1,0,2,,1,,,,4.0,1.0,0,0,7.2,2.1,14,29
204,22644,DJ Turner,WR,LV,1,0,0,1,4,4,7,4,0,,3,4,1,,,,,,2.9,1.0,0,0,6.4,2.4,16,29
205,25201,Jordan Whittington,WR,LAR,0,2,3,8,10,,0,,,0,0,0,0,0,0,0,1,4,5.4,1.7,4,5,5.8,1.9,22,28
206,22521,Jeremy Ruckert,TE,NYJ,0,3,2,2,0,3,0,3,1,2,2,,2,1,3,2,0,2,3.6,1.3,3,4,4.6,1.6,18,28
207,19854,Dante Pettis,WR,NO,,,,,,,,,,1,1,,2,2,5,7,4,6,15.7,5.7,7,17,10.7,3.5,12,28
208,20899,Josh Oliver,TE,MIN,2,0,1,2,0,,1,2,5,6,3,,,2,0,1,0,3,3.4,1.3,2,4,5.8,1.9,22,28
209,19626,Dare Ogunbowale,RB,HOU,1,2,2,4,7,0,1,1,3,0,1,0,0,,0,2,1,3,6.1,2.0,3,6,4.9,1.6,19,28
210,24311,Jaleel McLaughlin,RB,DEN,5,0,1,1,4,2,0,1,3,0,0,1,2,,3,,2,2,6.7,2.0,4,4,5.1,1.7,24,27
211,21784,Zack Moss,RB,CIN,4,1,6,4,4,1,3,4,,,,,,,,,,,10.8,4.0,0,0,10.3,3.4,23,27
212,20013,Cedrick Wilson Jr.,WR,NO,0,0,1,0,0,3,7,,3,,0,,1,1,1,1,4,5,9.3,3.3,7,10,5.6,1.8,20,27
213,24934,Braelon Allen,RB,NYJ,1,4,3,1,2,2,1,0,1,1,0,,2,5,0,1,0,3,3.6,1.3,3,4,4.4,1.6,19,27
214,19165,Johnny Mundt,TE,MIN,3,3,3,2,2,,5,2,1,0,1,1,2,0,1,0,1,0,0.8,0.3,1,1,4.9,1.6,19,27
215,25409,Mason Tipton,WR,NO,1,0,3,1,4,2,9,2,3,0,,,,,,1,,,3.3,1.0,0,1,7.6,2.4,14,26
216,24347,Xavier Hutchinson,WR,HOU,1,1,1,0,3,2,1,1,3,4,0,1,,,1,1,4,2,7.1,2.3,4,7,4.9,1.6,12,26
217,18883,JuJu Smith-Schuster,WR,KC,1,0,3,0,8,,0,,,,1,2,1,2,3,1,2,2,5.2,1.7,3,5,5.5,1.9,18,26
218,23136,Darnell Washington,TE,PIT,1,1,0,2,2,1,4,1,,3,4,3,1,1,0,0,1,0,1.0,0.3,1,1,5.0,1.5,19,25
219,23190,Brian Robinson Jr.,RB,WAS,4,3,1,3,0,,0,1,,,1,2,1,,3,3,2,1,5.7,2.0,5,6,5.8,1.8,20,25
220,20837,Ty Johnson,RB,BUF,1,2,3,0,0,0,1,1,0,3,1,,1,3,5,1,1,2,4.5,1.3,2,4,4.8,1.5,18,25
221,20941,Devin Singletary,RB,NYG,5,1,4,1,,,1,3,0,1,,2,1,0,3,0,1,1,2.2,0.7,2,2,4.7,1.6,21,24
222,19017,Josh Reynolds,WR,JAX,8,5,2,2,2,,,,,,,,,,1,1,0,3,4.3,1.3,1,4,7.9,2.7,13,24
223,24987,Luke McCaffrey,WR,WAS,3,0,3,1,3,1,0,2,0,3,1,1,2,,1,3,0,0,2.8,1.0,1,3,4.6,1.4,18,24
224,24449,Elijah Higgins,TE,ARI,2,1,1,3,1,0,1,2,2,2,,2,2,0,1,1,3,0,3.5,1.3,2,4,4.4,1.4,20,24
225,20506,Tanner Hudson,TE,CIN,3,,,,,0,1,0,3,7,2,,4,1,1,,,1,2.2,1.0,1,1,5.4,2.1,19,23
226,23650,Lucas Krull,TE,DEN,,,,,1,4,4,2,1,2,0,0,3,,2,3,1,0,4.0,1.3,4,4,5.3,1.8,19,23
227,17217,Raheem Mostert,RB,MIA,3,,,,2,,0,2,2,3,0,1,3,,3,2,2,0,4.0,1.3,4,4,5.1,1.8,19,23
228,18422,Kalif Raymond,WR,DET,0,4,0,1,,6,4,2,1,0,2,1,,,,,,1,3.0,1.0,1,1,6.3,1.8,17,22
229,17959,Derrick Henry,RB,BAL,2,1,1,3,1,0,1,1,1,1,0,0,3,,0,2,2,3,9.7,2.3,6,7,4.6,1.3,19,22
230,25208,Erick All Jr.,TE,CIN,0,4,4,4,2,3,1,2,2,,,,,,,,,,5.1,2.0,0,0,7.3,2.4,20,22
231,22562,Kenneth Gainwell,RB,PHI,1,0,3,1,,1,1,1,1,1,1,0,0,2,3,1,1,4,6.8,2.0,4,6,4.9,1.3,16,22
232,23218,Pierre Strong Jr.,RB,CLE,3,2,,,1,3,3,1,0,,0,0,0,2,0,2,5,,8.6,3.5,5,7,3.9,1.6,14,22
233,24986,Cade Stover,TE,HOU,0,1,0,1,2,1,1,3,2,2,2,4,1,,,,1,1,3.3,1.0,1,2,4.4,1.5,15,22
234,24217,Trey Palmer,WR,TB,2,0,1,3,,,3,2,4,1,,1,1,0,0,4,0,0,3.7,1.3,2,4,4.3,1.5,12,22
235,20931,Drew Sample,TE,CIN,0,3,0,1,0,0,1,0,4,0,2,,2,2,1,1,1,4,4.8,2.0,6,6,3.4,1.3,20,22
236,23840,Kevin Austin Jr.,WR,NO,,,,,,,,,,2,2,,3,5,3,4,2,1,6.5,2.3,3,7,8.4,2.8,11,22
237,21786,Adam Trautman,TE,DEN,1,0,1,0,1,0,3,4,1,1,1,2,1,,2,1,3,0,4.0,1.3,2,4,3.9,1.3,13,22
238,18900,Mo Alie-Cox,TE,IND,1,1,1,0,4,4,1,1,0,0,3,0,2,,0,2,1,1,4.5,1.3,1,4,4.3,1.3,12,22
239,24372,Roschon Johnson,RB,CHI,,0,5,0,0,3,,0,3,2,1,1,0,,,0,0,5,5.1,1.7,5,5,4.2,1.4,16,20
240,24609,Emari Demercado,RB,ARI,2,0,0,1,1,7,0,1,2,0,,0,2,4,,,,,10.5,4.0,0,0,5.1,1.5,16,20
241,24471,Ryan Miller,WR,TB,,,,,,1,,5,3,3,,1,0,0,1,2,4,0,5.6,2.0,4,6,5.4,1.8,12,20
242,18019,Nick Vannett,TE,TEN,2,0,2,0,,0,4,1,2,0,1,1,1,2,1,0,1,2,3.3,1.0,3,3,3.8,1.2,17,20
243,24463,Julian Hill,TE,MIA,1,2,2,0,0,,2,3,,1,3,2,1,1,0,0,0,1,1.0,0.3,0,1,3.4,1.2,12,19
244,18877,Christian McCaffrey,RB,SF,,,,,,,,,,7,5,4,3,,,,,,16.7,3.0,0,0,17.1,4.8,15,19
245,24980,Ray Davis,RB,BUF,1,1,1,0,2,3,1,0,2,0,0,,1,0,2,1,1,3,5.6,1.7,4,5,3.7,1.1,17,19
246,24125,Jalin Hyatt,WR,NYG,1,0,1,1,0,4,1,,0,4,,0,2,2,0,2,0,1,3.3,1.0,1,3,3.4,1.2,8,19
247,23644,Stone Smartt,TE,LAC,0,0,0,0,,1,2,0,,,0,0,2,3,6,3,2,0,4.7,1.7,5,5,4.1,1.3,16,19
248,21801,Trey Sermon,RB,IND,0,1,0,0,6,0,1,1,2,1,1,0,0,,2,0,1,3,4.5,1.3,2,4,3.7,1.1,16,19
249,21593,D'Ernest Johnson,RB,JAX,0,0,1,0,3,2,4,2,1,0,0,,,,,2,2,2,6.5,2.0,4,6,4.4,1.4,12,19
250,21714,K.J. Osborn,WR,NE,6,2,0,5,,,3,1,,1,,,,,,,0,,0.0,0.0,0,0,7.6,2.2,7,18
251,24310,Jordan Mims,RB,NO,0,0,0,0,0,4,,,1,2,0,,,,,8,,3,15.3,5.5,8,11,5.4,1.6,12,18
252,16389,Odell Beckham Jr.,WR,MIA,,,,,1,,2,0,3,2,4,3,2,1,,,,,2.1,1.0,0,0,5.6,2.0,9,18
253,21688,Cam Akers,RB,MIN,,1,3,0,3,0,0,0,2,1,2,1,0,0,0,0,3,2,4.2,1.7,4,5,3.0,1.1,14,18
254,23482,Bo Melton,WR,GB,0,0,0,3,2,2,1,1,2,,0,1,0,0,0,1,4,0,5.9,1.7,3,5,3.5,1.0,8,17
255,23485,Daniel Bellinger,TE,NYG,1,0,1,0,0,0,1,0,0,0,,0,0,7,3,2,0,2,4.4,1.3,3,4,2.9,1.0,14,17
256,24121,Derius Davis,WR,LAC,0,0,0,0,,2,,,0,1,2,2,1,4,0,2,2,1,4.7,1.7,5,5,3.9,1.1,13,17
257,23468,Michael Woods II,WR,CLE,,,,,,,,,,,,,5,3,3,3,3,,7.4,3.0,1,6,7.9,3.4,7,17
258,19943,Durham Smythe,TE,MIA,3,1,2,0,1,,0,0,1,1,1,1,1,1,1,2,0,1,3.0,1.0,1,3,2.9,1.0,9,17
259,24339,Jake Bobo,WR,SEA,0,2,0,3,1,4,1,1,1,,0,1,0,0,1,1,0,1,2.2,0.7,2,2,2.9,1.0,13,17
260,21795,Luke Farrell,TE,JAX,0,2,2,1,2,0,0,0,1,2,2,,1,0,0,3,0,1,4.3,1.3,3,4,3.1,1.0,12,17
261,22645,Simi Fehoko,WR,LAC,0,0,3,0,,4,6,2,1,,,,,,,,,,3.7,1.0,0,0,7.1,2.0,6,16
262,23371,Isiah Pacheco,RB,KC,3,5,,,,,,,,,,,1,4,1,2,0,,2.5,1.0,1,2,6.3,2.3,12,16
263,23010,Brock Wright,TE,DET,1,0,5,2,,1,0,1,1,0,1,2,1,1,0,0,0,0,0.0,0.0,0,0,2.9,0.9,13,16
264,24278,Hunter Luepke,RB,DAL,2,0,3,2,1,0,,0,2,1,,1,0,1,0,2,1,0,3.1,1.0,1,3,2.8,1.0,12,16
265,25063,Isaac Guerendo,RB,SF,0,0,0,0,0,0,1,4,,0,0,0,1,2,4,,4,0,4.8,2.0,4,4,3.2,1.0,15,16
266,21721,Devin Duvernay,WR,JAX,0,0,1,0,0,,,,,0,2,,4,3,4,1,1,0,2.2,0.7,2,2,3.7,1.2,11,16
267,24686,Nate Adkins,TE,DEN,0,1,1,1,1,1,0,1,0,0,1,0,1,,1,2,1,3,6.0,2.0,6,6,2.6,0.9,14,15
268,24325,Johnny Wilson,WR,PHI,1,1,2,2,,0,0,0,0,1,0,1,,1,1,0,0,5,5.7,1.7,3,5,3.5,0.9,5,15
269,17923,Ezekiel Elliott,RB,DAL,2,3,2,1,1,0,,1,,0,3,0,0,1,1,0,0,,0.0,0.0,0,0,2.7,1.0,12,15
270,25133,Bub Means,WR,NO,1,0,,0,0,8,5,1,,,,,,,,,,,2.4,1.0,0,0,6.5,2.1,9,15
271,21045,Marquise Brown,WR,KC,,,,,,,,,,,,,,,,8,7,,19.0,7.5,9,15,19.0,7.5,9,15
272,23341,Tyler Goodson,RB,IND,,1,0,0,3,5,0,1,0,3,0,0,0,,0,0,0,2,2.2,0.7,1,2,3.0,0.9,11,15
273,24309,Emanuel Wilson,RB,GB,3,0,2,1,1,2,0,2,1,,0,0,0,0,0,1,0,1,2.4,0.7,2,2,2.9,0.8,11,14
274,23608,Drew Ogletree,TE,IND,0,2,0,1,1,2,1,0,0,1,1,1,2,,0,1,0,1,2.2,0.7,1,2,2.7,0.8,9,14
275,20788,Mecole Hardman,WR,KC,0,0,0,0,4,,2,1,3,1,3,0,0,,,,,,0.0,0.0,0,0,3.3,1.2,12,14
276,23158,Jermaine Burton,WR,CIN,0,2,0,0,0,,0,3,,5,4,,0,0,0,0,0,,0.0,0.0,0,0,2.6,1.0,4,14
277,19035,Eric Saubert,TE,SF,1,2,2,0,0,0,0,0,,0,1,1,0,1,0,1,0,5,4.9,2.0,5,6,2.6,0.8,11,14
278,25134,Brevyn Spann-Ford,TE,DAL,0,1,0,0,3,0,,2,0,0,5,2,0,0,1,0,0,0,0.0,0.0,0,0,2.2,0.8,9,14
279,15150,Cordarrelle Patterson,RB,PIT,0,0,5,2,,,,,,0,1,0,3,1,1,1,0,0,1.0,0.3,1,1,3.6,1.1,12,14
280,24151,Payne Durham,TE,TB,0,0,1,0,0,0,,0,0,0,,1,0,0,0,7,3,2,11.2,4.0,9,12,2.7,0.9,11,14
281,17218,DeAndre Carter,WR,CHI,2,4,6,0,0,0,,1,0,1,0,0,0,0,,,,,0.0,0.0,0,0,3.2,1.1,9,14
282,23364,Jordan Mason,RB,SF,1,1,2,3,1,2,2,0,,0,0,2,0,,,,,,0.0,0.0,0,0,4.0,1.2,11,14
283,25124,Ryan Flournoy,WR,DAL,,,,,0,1,,0,2,0,3,0,,1,,3,2,2,7.1,2.3,6,7,3.3,1.3,10,14
284,23250,Tyler Allgeier,RB,ATL,0,1,0,2,3,1,1,0,0,0,1,,1,0,0,1,0,2,3.0,1.0,3,3,2.3,0.8,13,13
285,22657,John Bates,TE,WAS,1,1,0,1,0,0,0,2,0,0,3,1,0,,1,1,1,1,2.8,1.0,1,3,2.5,0.8,8,13
286,24362,Malik Heath,WR,GB,,0,0,2,3,0,0,0,,,0,2,0,0,,,1,5,10.9,3.0,4,6,3.7,1.0,10,13
287,19843,Hayden Hurst,TE,LAC,3,2,2,3,,0,,,1,1,,,,,,1,,0,1.5,0.5,1,1,5.4,1.4,8,13
288,23192,Chris Brooks,RB,GB,,,0,0,0,0,0,1,4,,2,1,2,0,1,1,0,1,2.4,0.7,1,2,3.0,0.9,11,13
289,18935,Gerald Everett,TE,CHI,1,3,1,0,2,1,,2,1,0,0,0,0,0,0,1,1,0,2.0,0.7,1,2,2.3,0.8,8,13
290,24148,Davis Allen,TE,LAR,1,,,0,1,,0,0,3,6,0,1,0,0,0,0,1,0,1.1,0.3,0,1,2.6,0.9,6,13
291,16866,Jamison Crowder,WR,WAS,1,,0,,,,,,,,,,,,3,4,5,0,8.5,3.0,5,9,7.1,2.2,9,13
292,22604,Tylan Wallace,WR,BAL,0,0,0,0,2,0,0,0,0,3,1,1,2,,1,0,1,1,2.8,0.7,1,2,2.5,0.7,11,12
293,20819,Alec Ingold,FB,MIA,1,0,3,0,0,,1,3,0,,,0,2,0,0,0,0,2,2.0,0.7,2,2,2.3,0.8,11,12
294,23310,Greg Dulcich,TE,DEN,3,8,0,1,,,,,,,,,,0,0,0,0,0,0.0,0.0,0,0,3.8,1.3,5,12
295,21765,JaMycal Hasty,RB,NE,0,0,0,1,0,2,5,0,1,1,0,2,0,,0,,0,,0.0,0.0,0,0,2.6,0.8,10,12
296,22119,Charlie Woerner,TE,ATL,2,0,0,0,0,0,0,1,0,1,,,1,1,3,2,1,0,3.0,1.0,1,3,2.3,0.8,7,12
297,19304,Pharaoh Brown,TE,SEA,,,2,2,1,0,0,0,0,,0,2,1,2,0,1,1,0,2.2,0.7,2,2,2.3,0.8,8,12
298,24194,Sean Tucker,RB,TB,0,0,0,1,0,3,2,1,1,0,,1,0,2,0,0,1,0,0.9,0.3,1,1,2.1,0.7,9,12
299,25064,Isaiah Davis,RB,NYJ,0,0,0,0,0,0,0,0,0,1,0,,3,6,1,0,1,0,0.9,0.3,1,1,2.0,0.7,9,12
300,20679,KhaDarel Hodge,WR,ATL,0,0,0,0,2,0,0,0,2,0,2,,0,0,0,0,4,2,6.0,2.0,2,6,2.1,0.7,7,12
301,21783,Harrison Bryant,TE,LV,0,1,0,2,0,5,2,,2,,,,,0,0,0,0,0,0.0,0.0,0,0,2.5,0.9,9,12
302,18032,Tyler Higbee,TE,LAR,,,,,,,,,,,,,,,,2,3,7,13.0,4.0,8,12,13.0,4.0,8,12
303,23193,Tank Bigsby,RB,JAX,0,0,0,0,1,0,1,3,0,0,,,1,2,1,1,1,1,3.2,1.0,2,3,2.3,0.8,7,12
304,19065,Jeremy McNichols,RB,WAS,0,0,0,1,0,0,0,0,1,0,1,0,0,,2,4,3,0,6.6,2.3,6,7,2.3,0.7,9,12
305,21686,Jalen Reagor,WR,LAC,,,,,,,1,2,2,1,1,4,0,1,,,,,3.3,1.0,0,0,5.0,1.5,7,12
306,16837,Chris Conley,WR,SF,0,1,0,2,,0,2,1,,,0,1,0,0,0,0,1,4,4.1,1.7,5,5,2.6,0.8,6,12
307,23195,Eric Gray,RB,NYG,1,0,0,0,4,0,1,1,0,0,,2,0,0,0,1,0,1,2.2,0.7,2,2,1.9,0.6,10,11
308,23166,Rakim Jarrett,WR,TB,,,,,,,,3,1,4,,1,0,0,0,1,1,0,1.9,0.7,2,2,3.3,1.1,9,11
309,21823,Patrick Taylor Jr.,RB,SF,0,0,0,0,0,1,0,0,,,,,,1,0,5,0,4,7.3,3.0,2,9,2.6,0.8,3,11
310,19798,Nick Chubb,RB,CLE,,,,,,,3,2,1,,0,1,2,1,1,,,,2.9,1.0,0,0,3.2,1.4,5,11
311,23135,Charlie Kolar,TE,BAL,0,1,1,0,4,0,1,2,0,1,0,1,,,,,,0,0.0,0.0,0,0,2.9,0.8,9,11
312,22553,Michael Carter,RB,ARI,,,,,,,,,,,,,,,,5,2,4,9.6,3.7,11,11,9.6,3.7,11,11
313,22563,Khalil Herbert,RB,CHI,0,2,0,0,0,0,,,,0,0,,0,1,0,0,0,8,6.4,2.7,7,8,2.0,0.8,10,11
314,18926,Zay Jones,WR,ARI,,,,,,,1,1,0,0,,0,0,2,1,0,1,5,5.2,2.0,5,6,2.9,1.0,8,11
315,18995,Jamaal Williams,RB,NO,1,0,3,2,0,0,0,0,,,,,1,2,0,0,1,1,1.9,0.7,2,2,2.4,0.8,9,11
316,24939,Carson Steele,FB,KC,0,0,2,3,0,,0,1,0,0,1,2,0,0,0,0,0,2,2.1,0.7,2,2,1.8,0.6,7,11
317,24472,Xavier Gipson,WR,NYJ,0,0,2,4,0,0,0,1,0,1,1,,1,0,0,0,0,0,0.0,0.0,0,0,1.6,0.6,6,10
318,20487,Brandon Powell,WR,MIN,0,2,2,2,0,,0,0,1,0,1,0,1,0,1,0,0,0,0.0,0.0,0,0,1.8,0.6,7,10
319,24150,Luke Musgrave,TE,GB,2,1,1,3,,,,,,,,,,,,1,1,1,3.5,1.0,2,3,4.8,1.4,7,10
320,19816,DJ Chark,WR,LAC,,,,,,,,,,0,,,0,1,2,0,4,3,6.5,2.3,1,7,4.7,1.4,4,10
321,16903,MyCole Pruitt,TE,PIT,2,0,,,,,0,1,,1,,0,3,1,0,2,0,0,2.0,0.7,1,2,2.9,0.8,6,10
322,16928,Michael Burton,FB,DEN,1,1,0,1,1,0,0,1,0,0,1,1,0,,0,3,0,0,3.0,1.0,3,3,1.8,0.6,10,10
323,21263,Trenton Irwin,WR,CIN,2,6,,,,0,,1,1,0,0,,,,,,,,0.0,0.0,0,0,3.6,1.4,3,10
324,20081,Trent Sherfield Sr.,WR,MIN,0,2,1,1,0,,0,1,1,1,1,0,0,0,1,0,0,0,0.0,0.0,0,0,1.6,0.5,8,9
325,21138,Scotty Miller,WR,PIT,0,0,2,0,0,0,0,2,,,0,,,4,1,0,0,,0.0,0.0,0,0,2.4,0.7,5,9
326,19755,River Cracraft,WR,MIA,,,,,,,,,,0,0,0,0,,1,3,1,4,7.9,2.7,6,8,3.1,1.1,7,9
327,24354,Blake Whiteheart,TE,CLE,,0,0,3,0,,,,,,,1,1,1,1,0,1,1,1.7,0.7,2,2,2.2,0.8,6,9
328,25687,Bryce Oliver,WR,TEN,,,,,,,,,0,2,1,0,0,1,2,0,0,3,3.3,1.0,1,3,2.9,0.9,6,9
329,25079,Kimani Vidal,RB,LAC,,,,,,2,1,0,0,,,,0,1,3,0,2,0,1.9,0.7,0,2,2.8,0.9,5,9
330,23144,Ainias Smith,WR,PHI,,,,,,,,0,1,2,0,0,,,,,0,6,10.0,3.0,4,6,5.1,1.3,7,9
331,22509,Hunter Long,TE,LAR,0,0,0,0,2,,1,1,1,0,0,0,1,1,2,0,0,0,0.0,0.0,0,0,1.6,0.5,7,9
332,23119,Treylon Burks,WR,TEN,2,1,3,1,,1,,,,,,,,,,,,,3.7,1.0,0,0,5.6,1.6,4,8
333,24021,Tucker Fisk,TE,LAC,,,,,,,,,,0,2,1,1,1,1,1,1,0,1.9,0.7,2,2,2.8,0.9,7,8
334,22539,Zamir White,RB,LV,2,4,0,1,,,1,0,0,,0,,,,,,,,0.0,0.0,0,0,2.8,1.0,6,8
335,22511,Quintin Morris,TE,BUF,0,0,0,0,0,0,0,0,1,0,1,,1,,0,0,1,4,5.6,1.7,3,5,1.7,0.5,5,8
336,21349,Ashton Dulin,WR,IND,1,2,1,0,0,1,0,0,2,0,0,1,,,,0,0,0,0.0,0.0,0,0,1.8,0.5,2,8
337,22514,Kenny Yeboah,TE,NYJ,,,,,,,,,1,1,1,,0,0,0,1,2,2,4.5,1.7,2,5,2.5,0.9,5,8
338,23302,Britain Covey,WR,PHI,0,6,1,,,,,,,,,0,1,,,,,,5.3,1.0,0,0,5.6,1.6,7,8
339,23143,Will Mallory,TE,IND,,,,0,1,1,1,2,0,1,,,1,,1,0,,,0.0,0.0,0,0,2.6,0.8,4,8
340,23469,Tyquan Thornton,WR,NE,3,0,1,1,0,,,3,,,,,,,,,,,10.0,3.0,0,0,4.6,1.3,4,8
341,23487,Connor Heyward,TE,PIT,0,0,1,0,4,1,0,0,,0,0,0,0,0,0,1,1,0,2.0,0.7,2,2,1.6,0.5,6,8
342,18957,D'Onta Foreman,RB,CLE,0,1,0,1,1,2,0,0,,,,,,,,0,2,1,2.6,1.0,1,3,2.0,0.7,6,8
343,21005,Parris Campbell,WR,PHI,,0,2,4,,,1,,,,,,1,,,,,,5.3,1.0,0,0,6.1,1.6,6,8
344,24238,Kendre Miller,RB,NO,,,,,,,3,0,,,,,,1,1,2,1,,4.5,1.5,3,3,3.8,1.3,5,8
345,24116,Blake Corum,RB,LAR,0,0,0,0,1,,0,1,0,1,1,0,0,0,3,0,0,1,1.1,0.3,1,1,1.4,0.5,7,8
346,24984,Jamari Thrash,WR,CLE,,,,,,,0,,0,,1,0,2,,1,1,1,1,2.6,1.0,0,3,1.8,0.8,3,7
347,23199,Sincere McCormick,RB,LV,,,,,0,,,,,,,0,2,3,2,,,,5.1,2.0,0,0,3.5,1.4,6,7
348,25141,Tip Reiman,TE,ARI,0,0,0,0,1,0,1,0,0,0,,0,1,1,3,0,0,0,0.0,0.0,0,0,1.3,0.4,6,7
349,16263,Allen Robinson II,WR,DET,,,0,,,1,,1,1,0,2,0,0,0,1,0,1,,1.5,0.5,1,1,1.8,0.6,3,7
350,25144,Devin Culp,TE,TB,,,,,,,0,0,,,,,,,,0,4,2,5.6,2.0,5,6,3.0,1.2,5,6
351,22685,Terrace Marshall Jr.,WR,LV,,,,,,,,,,,0,,1,1,1,1,2,0,2.8,1.0,1,3,2.3,0.9,3,6
352,24981,Jacob Cowing,WR,SF,0,0,0,0,,0,3,0,,0,0,,0,1,0,0,0,2,1.6,0.7,2,2,1.3,0.4,4,6
353,24343,Nikko Remigio,WR,KC,,,,,,,,,,,,,,0,0,0,0,6,6.2,2.0,2,6,3.5,1.2,2,6
354,22547,Ronnie Rivers,RB,LAR,0,1,0,0,0,,0,0,0,0,0,0,0,0,0,0,0,5,5.4,1.7,4,5,1.1,0.4,5,6
355,24923,Jaylen Wright,RB,MIA,,0,0,1,0,,0,0,0,0,1,1,0,3,0,,0,0,0.0,0.0,0,0,1.2,0.4,3,6
356,21852,Ty Chandler,RB,MIN,3,0,0,1,2,,0,0,0,0,0,0,0,0,0,0,0,0,0.0,0.0,0,0,1.1,0.4,6,6
357,24979,Malachi Corley,WR,NYJ,0,1,0,,,,,0,0,2,1,,2,,,,0,,0.0,0.0,0,0,2.1,0.7,3,6
358,19910,Ian Thomas,TE,CAR,,,,,,3,2,0,0,1,,,,,,,,,4.0,1.0,0,0,4.1,1.2,3,6
359,18652,C.J. Ham,FB,MIN,2,0,0,0,0,,0,0,0,0,0,1,0,0,0,1,2,0,2.5,1.0,3,3,1.1,0.4,5,6
360,22627,Ronnie Bell,WR,SF,0,0,3,,0,0,2,1,,0,,0,,,,,,,0.0,0.0,0,0,2.1,0.7,2,6
361,24292,Trey Benson,RB,ARI,1,1,0,0,,0,0,0,1,2,,0,0,1,0,,,,0.0,0.0,0,0,1.5,0.5,6,6
362,19209,Patrick Ricard,FB,BAL,0,1,0,0,0,0,1,0,1,0,1,0,0,,0,0,0,1,1.4,0.3,1,1,1.0,0.3,3,5
363,20239,Gus Edwards,RB,LAC,1,0,0,0,,,,,,0,0,1,1,0,0,2,,,6.5,2.0,1,2,1.7,0.5,3,5
364,22892,Tim Jones,WR,JAX,0,0,0,0,0,0,0,2,2,0,0,,0,0,0,0,1,0,1.1,0.3,1,1,0.9,0.3,3,5
365,24533,Ben Sims,TE,GB,0,0,0,0,0,2,1,1,0,,0,0,0,1,0,0,0,0,0.0,0.0,0,0,1.0,0.3,4,5
366,22590,Ben Skowronek,WR,PIT,0,0,,,,,,,,0,1,0,1,0,1,2,,0,3.1,1.0,2,2,1.7,0.5,5,5
367,24188,Deuce Vaughn,RB,DAL,0,1,2,0,,,,,0,,2,,,,,,,0,0.0,0.0,0,0,1.7,0.7,3,5
368,24985,Ben Sinnott,TE,WAS,0,0,0,0,0,0,2,0,1,0,0,0,1,,1,0,0,0,0.0,0.0,0,0,1.0,0.3,5,5
369,21697,Laviska Shenault Jr.,WR,SEA,1,1,1,1,0,0,0,1,0,,0,,0,,0,,,,0.0,0.0,0,0,1.1,0.4,5,5
370,21564,Craig Reynolds,RB,DET,0,0,0,0,,0,0,0,0,0,0,0,0,0,0,1,2,2,5.1,1.7,3,5,0.9,0.3,3,5
371,24457,Scott Matlock,FB,LAC,1,0,0,1,,0,0,1,0,0,0,0,1,0,0,1,0,0,0.9,0.3,1,1,1.0,0.3,4,5
372,24971,Audric Estime,RB,DEN,0,,,,,0,0,0,0,0,3,0,0,,1,0,1,0,1.0,0.3,1,1,1.1,0.4,5,5
373,25513,Cam Grandy,TE,CIN,,,,,,,,,,1,0,,0,0,2,0,1,1,1.6,0.7,2,2,1.4,0.6,5,5
374,21769,Clyde Edwards-Helaire,RB,NO,,,,,,,,,,,,,,,,,4,1,6.4,2.5,3,5,6.4,2.5,3,5
375,22517,Peyton Hendershot,TE,KC,,0,,,,,,,1,1,1,0,,,,,0,2,3.6,1.0,2,2,2.1,0.7,5,5
376,23737,Tanner Conner,TE,MIA,0,0,2,2,0,,0,,0,0,,,,,,,,,0.0,0.0,0,0,1.6,0.5,3,4
377,25040,Javon Baker,WR,NE,,0,0,,,,,0,0,0,0,1,0,,,1,1,1,3.3,1.0,1,3,1.2,0.4,1,4
378,22345,Dan Chisena,WR,CAR,,,,,,,,,,,,0,1,0,,2,1,0,3.4,1.0,2,3,2.0,0.7,3,4
379,17223,Eric Tomlinson,TE,LAC,0,1,0,0,,0,1,1,1,,,,,,0,,,,0.0,0.0,0,0,1.5,0.4,2,4
380,23746,Deven Thompkins,WR,CAR,,,,,,,,,0,0,,3,0,1,0,0,,,0.0,0.0,0,0,1.8,0.6,4,4
381,25099,Dallin Holker,TE,NO,,,,,0,0,0,,0,0,0,,0,1,0,0,0,3,2.8,1.0,2,3,1.0,0.3,3,4
382,24373,Kenny McIntosh,RB,SEA,0,0,0,0,0,0,0,0,0,,0,0,0,2,0,1,0,1,2.2,0.7,1,2,0.7,0.2,3,4
383,25102,Will Shipley,RB,PHI,0,0,0,0,,0,0,0,0,0,0,0,0,0,0,0,,4,5.8,2.0,4,4,0.9,0.2,4,4
384,20038,Braxton Berrios,WR,MIA,2,1,1,0,0,,0,,,,,,,,,,,,0.0,0.0,0,0,2.1,0.7,0,4
385,18187,Robbie Chosen,WR,MIA,0,4,,,,,,,,,,,,,,,,,10.3,4.0,0,0,5.3,2.0,1,4
386,24331,Grant DuBose,WR,MIA,0,3,,,,,,,,,,,,,1,,,,2.5,1.0,0,0,3.4,1.3,2,4
387,17762,Chris Manhertz,TE,NYG,0,0,0,0,0,0,0,1,1,0,,0,0,0,0,0,1,1,2.2,0.7,2,2,0.7,0.2,3,4
388,23004,Adam Prentice,FB,NO,0,1,0,0,0,0,0,1,1,0,0,,0,0,0,0,1,0,0.9,0.3,0,1,0.7,0.2,0,4
389,23223,Dameon Pierce,RB,HOU,0,,,,,1,0,0,,,0,0,1,,0,0,0,2,2.0,0.7,0,2,1.1,0.4,2,4
390,23148,David Bell,WR,CLE,,3,,,,,,,,,,,,,,,,,8.8,3.0,0,0,8.8,3.0,3,3
391,21964,Cody White,WR,SEA,,,,,,,,,3,,0,0,0,,,,,,0.0,0.0,0,0,2.3,0.8,2,3
392,25498,Ramel Keyton,WR,LV,,,,,,,,,2,,1,0,,0,0,0,0,0,0.0,0.0,0,0,1.0,0.4,1,3
393,20360,Jeff Wilson Jr.,RB,MIA,0,2,0,0,0,,,,,,,,0,1,,0,0,0,0.0,0.0,0,0,0.8,0.3,3,3
394,22417,Kristian Wilkerson,WR,LV,,,,,,3,0,,,,,,,0,,,,,0.0,0.0,0,0,2.5,1.0,2,3
395,22569,Dee Eskridge,WR,MIA,,,1,0,,,,1,0,,,,,0,,,1,,3.8,1.0,1,1,1.6,0.5,3,3
396,22973,Austin Trammell,WR,JAX,,,,,,,,,3,,,,,,,,,,9.7,3.0,0,0,9.7,3.0,2,3
397,21798,Josiah Deguara,TE,JAX,,,1,0,1,0,0,0,0,0,0,,0,0,0,1,0,0,1.1,0.3,1,1,0.6,0.2,3,3
398,25065,Jacob Kibodi,RB,CLE,,,,,,,,,,,,,,,,,,3,8.8,3.0,1,3,8.8,3.0,1,3
399,23231,Tyler Badie,RB,DEN,,1,0,2,,,,,,,,,,,,,,,8.0,2.0,0,0,3.1,1.0,3,3
400,23586,Julius Chestnut,RB,TEN,0,0,0,0,,0,1,0,0,0,0,1,0,0,0,0,1,0,1.1,0.3,0,1,0.6,0.2,2,3
401,21804,DeeJay Dallas,RB,ARI,0,0,0,0,0,0,0,0,0,0,,0,0,0,0,1,1,1,2.6,1.0,3,3,0.6,0.2,3,3
402,25132,Jha'Quan Jackson,WR,TEN,0,0,0,0,,0,0,1,2,0,0,0,0,,,,,,0.0,0.0,0,0,0.8,0.2,1,3
403,20810,Travis Homer,RB,CHI,0,0,,,,,,0,0,0,0,0,0,3,0,,,,0.0,0.0,0,0,0.9,0.3,3,3
404,23273,Hassan Haskins,RB,LAC,0,0,0,0,,0,0,0,0,0,0,0,0,0,0,2,1,0,2.8,1.0,3,3,0.6,0.2,3,3
405,21723,James Proche II,WR,CLE,,0,0,1,0,,,,,,,,,2,0,0,0,0,0.0,0.0,0,0,0.9,0.3,3,3
406,25104,Jaheim Bell,TE,NE,0,0,0,,,0,0,0,1,0,1,0,0,,0,0,0,1,1.1,0.3,1,1,0.6,0.2,2,3
407,22498,Feleipe Franks,TE,CAR,0,0,0,1,0,0,0,0,,0,,0,1,0,0,0,0,1,1.1,0.3,1,1,0.6,0.2,1,3
408,23168,Skyy Moore,WR,KC,0,0,0,2,0,,1,,,,,,,,,,,,3.7,1.0,0,0,1.6,0.5,0,3
409,21383,Jody Fortson,TE,KC,,,,,1,,1,1,,,,,,,,,,,2.6,1.0,0,0,2.9,1.0,1,3
410,22506,Brevin Jordan,TE,HOU,2,1,,,,,,,,,,,,,,,,,2.8,1.0,0,0,4.4,1.5,2,3
411,25205,Isaiah Williams,WR,DET,,,,,,,,3,0,,,,0,0,0,0,0,0,0.0,0.0,0,0,1.1,0.4,2,3
412,22661,Jack Stoll,TE,MIA,,,0,2,,0,0,1,0,0,0,,,,,0,0,0,0.0,0.0,0,0,1.0,0.3,2,3
413,21294,Alex Bachman,WR,LV,,,,0,0,3,0,0,0,,,,,,,,,,0.0,0.0,0,0,1.4,0.5,3,3
414,21837,J.J. Taylor,RB,HOU,,,2,1,0,,,,0,0,,,,,,,,,0.0,0.0,0,0,1.6,0.6,2,3
415,24978,Devontez Walker,WR,BAL,,,,,,,0,0,0,0,,0,,,1,0,2,0,2.8,0.7,0,2,1.3,0.3,1,3
416,24930,Sione Vaki,RB,DET,0,1,0,0,,0,0,0,,0,0,0,0,0,0,2,0,0,2.0,0.7,2,2,0.6,0.2,3,3
417,20159,Mike Boone,RB,CAR,0,,0,,,,,,,,,,,,0,0,2,1,3.4,1.0,1,3,1.6,0.5,1,3
418,24944,Jonathon Brooks,RB,CAR,,,,,,,,,,,,0,3,0,,,,,0.0,0.0,0,0,2.6,1.0,3,3
419,18881,John Ross,WR,PHI,,,,2,,,,,,,,,,,,,,,6.7,2.0,0,0,6.7,2.0,1,2
420,25050,Chris Collier,RB,BAL,,,0,,0,,0,0,0,,,,,,,0,0,2,1.8,0.7,1,2,0.8,0.2,1,2
421,23659,Tay Martin,WR,TEN,,,,,,,,,,,,,,,,,,2,7.7,2.0,1,2,7.7,2.0,1,2
422,22667,Zach Davidson,TE,BUF,,,,,,,,,,,1,,1,0,,,,,0.0,0.0,0,0,2.1,0.7,1,2
423,25045,Rasheen Ali,RB,BAL,,,,,,0,,,,,,,0,,0,0,0,2,2.8,0.7,0,2,1.3,0.3,0,2
424,25032,Xavier Weaver,WR,ARI,,,,,,1,,,,,,,,,,,,1,2.9,1.0,0,1,3.0,1.0,0,2
425,24800,E.J. Jenkins,TE,PHI,0,0,,,,,,,0,,,,,0,0,0,1,1,2.3,0.7,1,2,0.9,0.2,1,2
426,21730,Collin Johnson,WR,CHI,,0,0,,,,,,,,,0,0,1,0,1,0,0,1.0,0.3,0,1,0.6,0.2,1,2
427,22415,Mason Kinsey,WR,TEN,,,,,,,,0,,,,,,0,1,1,0,0,1.1,0.3,1,1,1.0,0.3,2,2
428,3061,Marcedes Lewis,TE,CHI,0,0,0,0,0,1,,1,0,0,0,0,0,0,0,0,0,0,0.0,0.0,0,0,0.4,0.1,1,2
429,24149,Brayden Willis,TE,SF,,,0,,,,,0,,,0,0,0,0,0,0,0,2,1.6,0.7,0,2,0.6,0.2,0,2
430,25304,Casey Washington,WR,ATL,,,0,,0,,1,0,0,0,1,,0,,,,,0,0.0,0.0,0,0,0.6,0.2,1,2
431,25047,Blake Watson,RB,DEN,,,,,0,,,,,,,,,,,2,,,5.0,2.0,1,2,3.0,1.0,1,2
432,22488,Chris Blair,WR,ATL,0,,,,,,,,,,,,,,,1,1,0,2.0,0.7,1,2,1.6,0.5,1,2
433,24743,Xavier Smith,WR,LAR,,,0,0,2,,0,0,0,0,0,0,0,0,0,0,0,0,0.0,0.0,0,0,0.4,0.1,2,2
434,25647,David Martin-Robinson,TE,TEN,,,,,,,,,,,,,,1,0,1,0,0,1.1,0.3,1,1,1.2,0.4,1,2
435,21760,Isaiah Hodgins,WR,NYG,,,,,0,1,,,,1,,,,,,,,,2.7,1.0,0,0,1.8,0.7,2,2
436,21227,Andrew Beck,FB,GB,,,,,0,1,0,,,,,,,,,1,,,2.6,1.0,0,1,1.5,0.5,0,2
437,23325,Erik Ezukanma,WR,MIA,,,2,,,,,,,,,,,,,0,,,0.0,0.0,0,0,3.0,1.0,0,2
438,17946,Taylor Decker,OT,DET,0,0,0,0,,1,0,0,0,,0,0,,,0,0,0,0,0.0,0.0,0,0,0.2,0.1,0,1
439,20065,Trent Scott,OT,WAS,0,0,1,0,0,0,0,0,0,0,0,0,0,,0,0,0,0,0.0,0.0,0,0,0.2,0.1,1,1
440,25090,Terrell Jennings,RB,NE,,,,,,0,,,,,,,,,,0,,1,1.5,0.5,0,1,1.0,0.3,0,1
441,24738,John Samuel Shenker,TE,LV,,,,0,0,0,0,1,,,,,,,,0,0,0,0.0,0.0,0,0,0.4,0.1,1,1
442,23503,Vederian Lowe,OT,NE,0,0,,,0,0,,0,0,0,1,0,0,,0,0,0,0,0.0,0.0,0,0,0.2,0.1,1,1
443,22226,Sam Franklin Jr.,S,CAR,,,,,,,,1,0,0,,0,0,0,0,0,0,0,0.0,0.0,0,0,0.3,0.1,0,1
444,25642,Kameron Johnson,WR,TB,0,0,,1,0,,,,,,,,,,,,0,,0.0,0.0,0,0,0.7,0.2,0,1
445,24160,Wanya Morris,OT,KC,0,1,0,0,0,,0,0,0,0,0,0,0,0,0,0,0,0,0.0,0.0,0,0,0.2,0.1,1,1
446,23507,Tyler Smith,G,DAL,0,0,1,0,0,0,,0,0,0,0,,0,0,0,0,0,0,0.0,0.0,0,0,0.2,0.1,1,1
447,23421,Marcus Jones,CB,NE,0,0,0,0,0,0,0,0,0,0,0,0,0,,1,,,,4.3,1.0,0,0,0.2,0.1,1,1
448,23237,Chris Rodriguez Jr.,RB,WAS,0,,,0,,0,,,0,0,,,0,,0,0,1,0,0.9,0.3,1,1,0.3,0.1,1,1
449,23211,MarShawn Lloyd,RB,GB,,1,,,,,,,,,,,,,,,,,7.1,1.0,0,0,7.1,1.0,1,1
450,17922,Jared Goff,QB,DET,0,0,0,1,,0,0,0,0,0,0,0,0,0,0,0,0,0,0.0,0.0,0,0,0.2,0.1,1,1
451,23996,Kendric Pryor,WR,CIN,,,,,,,,,1,,,,,,,,,0,0.0,0.0,0,0,1.2,0.5,1,1
452,24220,Tyler Scott,WR,CHI,,0,0,0,0,0,,,0,,0,,,,1,0,0,0,0.0,0.0,0,0,0.3,0.1,1,1
453,22068,James Pierre,CB,PIT,,,0,0,0,0,0,0,,1,0,0,0,0,0,0,0,0,0.0,0.0,0,0,0.2,0.1,0,1
454,23239,C.J. Stroud,QB,HOU,0,0,0,0,0,0,0,0,1,0,0,0,0,,0,0,0,0,0.0,0.0,0,0,0.2,0.1,0,1
455,22614,Kadarius Toney,WR,CLE,,,,,,,,,,,0,,1,0,,,,,0.0,0.0,0,0,0.7,0.3,0,1
456,18890,Patrick Mahomes,QB,KC,1,0,0,0,0,,0,0,0,0,0,0,0,0,0,0,0,,0.0,0.0,0,0,0.2,0.1,1,1
457,25069,Bo Nix,QB,DEN,0,0,0,0,0,0,0,0,1,0,0,0,0,,0,0,0,0,0.0,0.0,0,0,0.2,0.1,1,1
458,23624,Dareke Young,WR,SEA,1,0,0,0,0,,0,0,0,,,0,,0,0,0,0,0,0.0,0.0,0,0,0.2,0.1,0,1
459,23614,John FitzPatrick,TE,GB,,,,,,,,0,0,,0,1,,0,0,0,0,0,0.0,0.0,0,0,0.4,0.1,1,1
460,21556,Tom Kennedy,WR,DET,0,1,,,,,,,,,,,,,,0,0,,0.0,0.0,0,0,0.7,0.2,0,1
461,23962,Irvin Charles,WR,NYJ,0,0,0,0,0,0,1,0,0,0,0,,0,0,,,,,0.0,0.0,0,0,0.2,0.1,0,1
462,25328,Baylor Cupp,TE,KC,,,,,,,,,,,,,,1,,,,,2.7,1.0,0,0,2.7,1.0,0,1
463,23481,Velus Jones Jr.,WR,CHI,1,,,,,,,,,,,,,,0,,0,,0.0,0.0,0,0,1.2,0.3,1,1
464,24962,JC Latham,OT,TEN,0,0,0,0,,0,0,0,0,0,0,0,1,0,0,0,0,0,0.0,0.0,0,0,0.2,0.1,1,1
465,19064,Trent Taylor,WR,SF,,,,,0,,,,,,,,,,,,,1,2.3,1.0,1,1,1.3,0.5,1,1
466,24511,Tyrell Shavers,WR,BUF,,,,,0,,,,,0,,,,,,,1,,3.6,1.0,1,1,1.1,0.3,1,1
467,17337,C.J. Goodwin,CB,DAL,0,0,0,0,0,0,,0,1,0,0,0,0,0,0,0,0,0,0.0,0.0,0,0,0.2,0.1,0,1
468,19624,Dan Skipper,OT,DET,0,0,0,0,,0,0,0,0,0,0,0,0,0,1,0,0,0,0.0,0.0,0,0,0.2,0.1,1,1
469,24644,Ben VanSumeren,LB,PHI,0,0,0,0,,0,0,0,1,0,0,0,,,,,,,0.0,0.0,0,0,0.3,0.1,1,1
470,23926,Mike Caliendo,G,KC,0,0,0,0,0,,0,0,0,0,1,0,0,0,0,0,0,0,0.0,0.0,0,0,0.2,0.1,1,1
471,25049,Cody Schrader,RB,LAR,,,,,,,,,,,,,,,,,,1,2.4,1.0,1,1,2.4,1.0,1,1
472,22555,Jermar Jefferson,RB,DET,,,,,,,,,,,,,,,,1,0,,1.5,0.5,1,1,1.5,0.5,1,1
473,22596,Jaelon Darden,WR,SEA,0,,,,,1,0,0,0,,,0,0,0,0,0,0,0,0.0,0.0,0,0,0.2,0.1,1,1
474,23196,George Holani,RB,SEA,,0,,,,,,,,,,,,1,0,,0,0,0.0,0.0,0,0,0.6,0.2,1,1
475,25112,Jared Wiley,TE,KC,0,1,0,0,0,,0,0,,,,,,,,,,,0.0,0.0,0,0,0.4,0.1,1,1
476,23163,Justyn Ross,WR,KC,,,,,,,,,0,1,,,,,,,,,2.4,1.0,0,0,1.2,0.5,0,1
477,23084,Shane Zylstra,TE,DET,,,,,,,0,0,0,0,1,0,0,0,0,0,0,0,0.0,0.0,0,0,0.3,0.1,1,1
478,25126,Anthony Gould,WR,IND,0,0,0,,,,,,,,,,0,,1,0,0,0,0.0,0.0,0,0,0.4,0.1,1,1
479,24117,Anthony Richardson Sr.,QB,IND,0,0,0,0,,,0,0,,,0,0,0,,1,0,,,0.0,0.0,0,0,0.3,0.1,1,1
480,21865,Stephen Sullivan,TE,CAR,,,,,,,,,,,,,1,,,,,,2.2,1.0,0,0,2.2,1.0,0,1
481,24122,Charlie Jones,WR,CIN,1,0,0,0,0,0,0,0,,,,,,,,,,,0.0,0.0,0,0,0.4,0.1,1,1
482,17005,Geoff Swaim,TE,CLE,,,0,0,0,0,0,1,0,,0,,,,,,,,0.0,0.0,0,0,0.3,0.1,1,1
483,24214,Keaton Mitchell,RB,BAL,,,,,,,,,,0,0,0,,,,,1,0,2.0,0.5,1,1,0.7,0.2,1,1
484,20361,Ross Dwelley,TE,ATL,0,0,0,0,0,0,0,0,0,0,1,,0,0,0,0,0,0,0.0,0.0,0,0,0.2,0.1,1,1
485,20768,Myles Gaskin,RB,MIN,0,0,0,0,1,,,,,,,,,,,,,,3.1,1.0,0,0,0.7,0.2,1,1
486,23763,Brandon Johnson,WR,PIT,,,,,1,,0,0,,,,,,,,,,,0.0,0.0,0,0,1.2,0.3,1,1
487,23327,Juanyeh Thomas,S,DAL,0,0,0,0,0,0,,0,0,,1,0,0,,,,0,0,0.0,0.0,0,0,0.2,0.1,1,1
488,22767,Divine Deablo,LB,LV,0,0,,,,0,0,0,0,,0,1,0,0,0,0,0,0,0.0,0.0,0,0,0.2,0.1,1,1
489,24296,Brycen Tremayne,WR,WAS,,,,,1,,,,,,,,,,,,0,,0.0,0.0,0,0,1.6,0.5,1,1
490,15974,Jordan Matthews,TE,CAR,1,0,,,,,,,0,0,,,,,,,,,0.0,0.0,0,0,0.9,0.2,0,1
491,19871,Sam Hubbard,DE,CIN,0,0,0,0,0,0,0,0,0,0,0,,0,0,1,,,,2.7,1.0,0,0,0.2,0.1,1,1
492,25486,Brenden Bates,TE,NYJ,,0,0,0,0,0,,,,,,,,,,,0,1,1.2,0.5,0,1,0.4,0.1,0,1
493,18872,Dalvin Cook,RB,DAL,,,,,,,,1,0,,,,,,,,,,0.0,0.0,0,0,1.1,0.5,1,1
494,19864,Anthony Miller,WR,BAL,,,,,,,,,,,,,,,,0,1,,2.5,0.5,1,1,2.5,0.5,1,1
495,19953,D.J. Reed,CB,NYJ,0,,0,0,0,0,,0,0,0,0,,0,0,,0,0,0,0.0,0.0,0,0,0.0,0.0,0,0
496,25025,Joe Milton III,QB,NE,,,,,,,,,,,,,,,,,,0,0.0,0.0,0,0,0.0,0.0,0,0
